,0,1,2,3,4,5
0,1.064986832886861e-43,-35389.0,-3.5525106026513967e-15,1.6640676392398746e-08,-32966.468788130864,-824161.7197032716
1,1.064986832886861e-43,-35389.0,-2.1826209242736816e-11,1.7209110581006826e-08,-32966.468788130864,-824161.7197032716
2,1.064986832886861e-43,-131072.0,-2.1826209242736816e-11,1.7777544769614906e-08,-62677.49606642567,-1566937.401660642
3,1.064986832886861e-43,-131072.0,-3.5525106026513967e-15,-1563375960064.0,-77533.00970557309,-1938325.2426393272
4,9.949219096706201e-44,131072.0,-2.1826434756788693e-11,-4.098296276750172e+17,-37606.49763985541,-940162.4409963854
5,9.949219096706201e-44,131072.0,-3.5525381312221825e-15,-2.951489860432634e+23,-10988.82292937696,-274720.573234424
6,9.949219096706201e-44,131072.0,-2.1826434756788693e-11,-2.3520974083217814e+29,8023.801863821935,200595.04659554837
7,9.949219096706201e-44,131072.0,-2.1826434756788693e-11,-1.687508363248196e+35,22283.270458721105,557081.7614680276
8,9.949219096706201e-44,131072.0,-3.5525381312221825e-15,8.338696682308746e-38,33373.96825475379,834349.2063688447
9,1.0089348943138683e-43,131072.0,-3.5525381312221825e-15,7.41035082589476e-35,42246.526491579934,1056163.1622894984
10,1.0089348943138683e-43,131072.0,-1.192033991515018e-07,6.432641279083892e-32,49505.892321710424,1237647.3080427607
11,1.0089348943138683e-43,131072.0,-3.5525381312221825e-15,5.403733311950388e-29,55555.36384681916,1388884.096170479
12,1.0089348943138683e-43,131072.0,-6.504784451958148e-19,4.745805694737073e-26,60674.14744498809,1516853.6861247024
13,1.0089348943138683e-43,131072.0,-3.5525381312221825e-15,4.239319571995992e-23,65061.6762434186,1626541.906085465
14,1.0089348943138683e-43,131072.0,-2.1826434756788693e-11,3.7057885312831707e-20,68864.20120205838,1721605.0300514593
15,1.0089348943138683e-43,131072.0,-3.5525381312221825e-15,3.144206152542664e-17,72191.4105408682,1804785.2635217048
16,1.0089348943138683e-43,131072.0,-6.504784451958148e-19,2.6978521142344974e-14,75127.18348687685,1878179.5871719213
17,1.0089348943138683e-43,131072.0,-1.192033991515018e-07,2.4215400518112773e-11,77736.75943888453,1943418.9859721132
18,1.0089348943138683e-43,131072.0,-2.1826434756788693e-11,2.1304110475739435e-08,80071.64318541774,2001791.0796354434
19,1.0089348943138683e-43,131072.953125,-1.192033991515018e-07,1.8239130440633744e-05,82173.0829512697,2054327.0737817425
20,1.0089348943138683e-43,-131072.0,-1.1920247544594531e-07,0.015319880098104477,72445.81468582756,1811145.3671456887
21,1.0089348943138683e-43,-131072.953125,-2.1826209242736816e-11,13.812557220458984,63602.80317726917,1590070.0794317292
22,-2.8823285005287424e+17,-131073.0,-2.1826209242736816e-11,12224.05859375,55528.74729266359,1388218.6823165899
23,-3.1554652875959216e-29,-35389.2578125,-2.1826209242736816e-11,10551356.0,51841.43661579252,1296035.915394813
24,7.105476146698764e-14,-35389.2578125,-2.1826209242736816e-11,8791322624.0,48449.11079307114,1211227.7698267784
25,3.30567275096741e+22,-35389.2578125,-3.5525106026513967e-15,7868411543552.0,45317.73311055909,1132943.3277639772
26,-2.1159059744384265e-37,-35389.2578125,-2.1826209242736816e-11,7001722257932288.0,42418.30933045535,1060457.7332613838
27,-6.548214708162389e-33,-35389.2578125,-1.1920247544594531e-07,6.088899681553744e+18,39725.98724893044,993149.681223261
28,-4.733187098037945e-29,-131073.03125,-3.5525106026513967e-15,5.128228629488461e+21,34145.763161744544,853644.0790436136
29,-4.0389955681227796e-27,-131073.03125,-3.5525106026513967e-15,4.476820719582993e+24,28937.554013704375,723438.8503426093
30,-1.8175493923248108e-27,-131073.03125,-2.1826209242736816e-11,4.0039800234379626e+27,24065.358359086156,601633.958977154
31,-1.972165804747451e-30,-131073.03125,-2.1826209242736816e-11,3.505864325143491e+30,19497.67493288157,487441.87332203926
32,-2.56381148366321e-30,-131073.03125,-3.5525106026513967e-15,2.981532780837385e+33,15206.820805234844,380170.5201308711
33,-1.1044106839873851e-29,-131073.03125,-1.1920247544594531e-07,2.5442349680615672e+36,11168.369861567335,279209.24653918337
34,-7.318586685917283e-33,-131073.03125,-2.1826209242736816e-11,-9.872399914891915e-39,7360.687543252255,184017.18858130637
35,-1.38427041272298e-34,-131073.03125,-3.5525106026513967e-15,-3.2399697569191875e-37,3764.5431315102355,94113.57828775588
36,-6.759132874623926e-38,-131073.03125,-2.1826209242736816e-11,-9.662606611648027e-36,362.78490418670356,9069.62260466759
37,-1.7632495977125858e-37,-131073.03125,-3.5525106026513967e-15,-2.8663392003694896e-34,-2859.93341643559,-71498.33541088975
38,-1.5869254450892426e-37,-131073.03125,-2.1826209242736816e-11,-8.450061712037153e-33,-5917.384130872125,-147934.60327180312
39,7.788480940475373e+34,-131073.03125,-3.5525106026513967e-15,-2.4729081545254207e-31,-8821.962309586834,-220549.05773967085
40,1.993853402532776e+36,-35389.2578125,-3.5525106026513967e-15,-7.173748995836648e-30,-9410.858569163793,-235271.46422909482
41,2.700008627507363e+35,-35389.2578125,-3.5525106026513967e-15,-2.0589414071014237e-28,-9971.712149713278,-249292.80374283195
42,2.2310789832271257e+32,-35389.2578125,-2.1826209242736816e-11,-6.1468272846414566e-27,-10506.47951721395,-262661.9879303487
43,1.1605740994923372e+27,-35389.2578125,-2.1826209242736816e-11,-1.8458156960433187e-25,-11016.939277100953,-275423.4819275238
44,4.951794158180198e+28,-35389.2578125,-2.1826209242736816e-11,-5.518869315204388e-24,-11504.711936548536,-287617.7984137134
45,3.466249110518403e+28,-131073.03125,-3.5525106026513967e-15,-1.64196108898245e-22,-13908.968444003141,-347724.21110007854
46,9.284592795938698e+27,-131073.03125,-3.5525106026513967e-15,-4.857228790718387e-21,-16210.91616390649,-405272.90409766225
47,7.427682737010627e+27,-131073.03125,-2.1826209242736816e-11,-1.4272582709417388e-19,-18416.949395480533,-460423.7348870133
48,1.9342945930391398e+26,-131073.03125,-2.1826209242736816e-11,-4.1606506523315e-18,-20532.940454337266,-513323.5113584317
49,3.0223404897704266e+23,-131073.03125,-1.1920247544594531e-07,-1.2013039480478194e-16,-22564.29187083973,-564107.2967709933
50,2.6596534052218505e+25,-131073.03125,-2.1826209242736816e-11,-3.4902763391595447e-15,-24515.982447479353,-612899.5611869838
51,3.77791912702957e+23,-131073.03125,-2.1826209242736816e-11,-1.0502750470535449e-13,-26392.60800194053,-659815.2000485132
52,3.30567275096741e+22,-131073.03125,-6.504717243533378e-19,-3.1477173298433136e-12,-28198.417497742794,-704960.4374435699
53,9.066995528577426e+23,-131073.03125,-6.504717243533378e-19,-9.390574429168907e-11,-29937.345160367197,-748433.6290091799
54,1.322269100386964e+23,-35389.2578125,-3.5525106026513967e-15,-2.7867050889085476e-09,-29992.424502037647,-749810.6125509412
55,9.066995528577426e+23,-35389.2578125,-1.9385568033258252e-26,-8.218964353545744e-08,-30045.536724362726,-751138.4181090682
56,1.3835121387151924e+20,-35389.2578125,-6.504717243533378e-19,-2.406551175226923e-06,-30096.785359939557,-752419.633998489
57,3.777925612213033e+22,-131073.03125,-6.504717243533378e-19,-6.985708023421466e-05,-31683.05649648302,-792076.4124120754
58,6.640878532031246e+20,-131073.03125,-3.5525106026513967e-15,-0.0020065447315573692,-33215.55573009281,-830388.8932523202
59,8.11661805792801e+20,-131073.03125,-3.5525106026513967e-15,-0.05969260632991791,-34696.9716559156,-867424.29139789
60,2.6563514128124986e+21,-131073.03125,-6.504717243533378e-19,-1.792975902557373,-36129.816567776994,-903245.4141944249
61,7.37876096135358e+19,-131073.03125,-1.0587306626592269e-22,-53.62522888183594,-37516.44067602995,-937911.0169007488
62,5.5340485548607694e+20,-131073.03125,-2.1826209242736816e-11,-1596.00732421875,-38859.0449713225,-971476.1242830625
63,7.494029362363105e+18,-131073.03125,-3.5525106026513967e-15,-47232.234375,-40159.69288238716,-1003992.322059679
64,4.323475433484976e+18,-35389.2578125,-3.5525106026513967e-15,-1388551.5,-40049.031591154155,-1001225.7897788538
65,1.7293901733939905e+19,-35389.2578125,-3.5525106026513967e-15,-40501488.0,-39941.72367238276,-998543.0918095689
66,1.152931400211497e+18,-35389.2578125,-3.5525106026513967e-15,-1170218496.0,-39837.61897506723,-995940.4743766807
67,1.3835121387151924e+20,-35389.2578125,-6.504717243533378e-19,-33890099200.0,-39736.57618061391,-993414.4045153478
68,9.367536702953882e+17,-35389.2578125,-2.1826209242736816e-11,-1020058664960.0,-39638.462162811426,-990961.5540702856
69,5.40434429185622e+17,-35389.2578125,-2.1826209242736816e-11,-30580292976640.0,-39543.151402660435,-988578.7850665108
70,4.1320909387092627e+21,-35389.2578125,-2.1826209242736816e-11,-912598677585920.0,-39450.52545265454,-986263.1363163635
71,1.0330227346773157e+21,-131073.03125,-2.1826209242736816e-11,-2.709209535741952e+16,-40598.44192247129,-1014961.0480617824
72,5.995223489890484e+19,-131073.03125,-1.1920247544594531e-07,-7.993930570268672e+17,-41714.90862599169,-1042872.7156497921
73,5.188186353149411e+18,-131073.03125,-2.1826209242736816e-11,-2.3418850003721912e+19,-42801.20055374127,-1070030.0138435317
74,1.2682215715512517e+19,-131073.03125,-2.1826209242736816e-11,-6.802279098426904e+20,-43858.52469675086,-1096463.1174187714
75,1.4411617763632087e+18,-131073.03125,-3.5525106026513967e-15,-1.9553683826120946e+22,-44888.02452020757,-1122200.613005189
76,6.917568610059682e+18,-35389.2578125,-2.1826209242736816e-11,-5.796726475000701e+23,-44733.20224010412,-1118330.056002603
77,3.602904440908022e+17,-35389.2578125,-3.5525106026513967e-15,-1.7416156764113528e+25,-44582.349762054604,-1114558.744051365
78,2.8823285005287424e+17,-35389.2578125,-2.1826209242736816e-11,-5.21049241863194e+26,-44435.316334082294,-1110882.9083520572
79,1.8735073405907763e+18,-35389.2578125,-3.5525106026513967e-15,-1.5513006952792165e+28,-44291.958741809285,-1107298.9685452322
80,1.801455312830464e+16,-35389.2578125,-3.5525106026513967e-15,-4.5927802131078786e+29,-44152.14084317265,-1103803.5210793165
81,2.70217214592811e+17,-35389.2578125,-3.5525106026513967e-15,-1.3508474244231246e+31,-44015.7331371857,-1100393.3284296424
82,5066588235497472.0,-35389.2578125,-3.5525106026513967e-15,-3.94241657808553e+32,-43882.61236387312,-1097065.309096828
83,2.27476088401712e-24,-131073.03125,-2.1826209242736816e-11,-1.1398788473654596e+34,-44813.77782715393,-1120344.445678848
84,-1.8173128136554725e+34,-131073.015625,-1.1920247544594531e-07,-3.290630018320824e+35,-45723.03334358811,-1143075.8335897028
85,-2.702175238304563e+16,-131073.015625,-3.5525106026513967e-15,-9.906940435602458e+36,-46611.14338289592,-1165278.5845723979
86,-4.000034332275391,-131073.015625,-2.1826209242736816e-11,-2.970836740025049e+38,-47478.83709946102,-1186970.9274865256
87,-1.8190018935548835e-11,-131073.015625,-3.5525106026513967e-15,2.1328878060601318e-38,-48326.81050428601,-1208170.2626071502
88,-1.4136457718003502e-27,-35389.25390625,-3.5525106026513967e-15,1.1810112068243957e-37,-48154.22505270293,-1203855.6263175732
89,-1.0229478789571165e-43,-35389.25390625,-2.1826209242736816e-11,6.384430597834064e-37,-47985.47483337725,-1199636.8708344311
90,4.533498124576683e+23,-35389.25390625,-1.1920247544594531e-07,3.42658755659138e-36,-47820.43341008071,-1195510.835252018
91,49152.28515625,-35389.25390625,-3.5525106026513967e-15,1.901958469208226e-35,-47658.979843812354,-1191474.496095309
92,4.768413077727018e-07,-35389.25390625,-3.5525106026513967e-15,9.83660560430302e-35,-47500.998397248695,-1187524.9599312174
93,3.330688396814579e-16,-35389.25390625,-2.1826209242736816e-11,5.634877270750565e-34,-47346.37825805873,-1183659.4564514682
94,2.0195014914765328e-28,-131073.015625,-1.1920247544594531e-07,2.9340449199119686e-33,-48133.26371559558,-1203331.5928898896
95,-3.3230989077416074e+35,-35389.25,-3.5525106026513967e-15,1.658715980811138e-32,-47975.27869433461,-1199381.9673583652
96,-137440149504.0,-35389.25,-6.504717243533378e-19,8.811164760402129e-32,-47820.55109619241,-1195513.7774048103
97,-1.6940806367411974e-21,-35389.25,-1.1920247544594531e-07,4.845667951942705e-31,-47668.98120413475,-1191724.5301033687
98,5.903009472770306e+20,-35389.25,-3.5525106026513967e-15,2.6346834486675065e-30,-47520.47333009845,-1188011.8332524612
99,6.018583451141515e-36,-35389.25,-2.1826209242736816e-11,1.402702324892726e-29,-47374.93561354288,-1184373.3903385722
100,-1.0384684086692523e+34,-35389.2421875,-3.5525106026513967e-15,7.839341356820262e-29,-47232.27975991217,-1180806.9939978044
101,1.0229478789571165e-43,-35389.0,-2.1826209242736816e-11,4.027149365627848e-28,-47092.418868031964,-1177310.4717007992
102,1.0229478789571165e-43,-131072.0,-1.1920247544594531e-07,2.319262616929441e-27,-47820.643448177434,-1195516.086204436
103,1.0229478789571165e-43,-131072.0,-2.1826209242736816e-11,1.2129571500996943e-26,-48534.86370947395,-1213371.5927368489
104,1.0229478789571165e-43,-35389.0,-2.1826209242736816e-11,6.815795198964474e-26,-48386.59328165164,-1209664.832041291
105,1.0229478789571165e-43,-35389.0,-2.1826209242736816e-11,3.639124810235127e-25,-48241.12040907126,-1206028.0102267815
106,1.0229478789571165e-43,-35389.0,-1.1920247544594531e-07,1.987184007601516e-24,-48098.36665560453,-1202459.1663901133
107,-7.105489191006151e-15,-131072.96875,-3.5525106026513967e-15,1.0869717568483943e-23,-48783.5711593291,-1219589.2789832274
108,3.051784369745292e-05,-131072.984375,-2.1826209242736816e-11,5.73860336491008e-23,-49456.20323688808,-1236405.0809222022
109,562954852368384.0,-35389.24609375,-1.1920247544594531e-07,3.2301554381489533e-22,-49306.29864414994,-1232657.4661037484
110,33554724.0,-35389.24609375,-0.000732366053853184,1.6659478121335498e-21,-49159.09503506473,-1228977.3758766183
111,9.860847126350258e-32,-35389.24609375,-1.1920247544594531e-07,9.542404014025744e-21,-49014.52006185604,-1225363.0015464008
112,-1.0842116075143664e-19,-35389.2421875,-3.5525106026513967e-15,5.013395643606997e-20,-48872.50390552848,-1221812.5976382121
113,-2.0000174045562744,-131072.953125,-2.1826209242736816e-11,2.799459400311948e-19,-49514.85420901031,-1237871.3552252578
114,1.0229478789571165e-43,-35389.0,-2.1826209242736816e-11,1.502642652283723e-18,-49370.95520535049,-1234273.8801337623
115,1.0229478789571165e-43,-35389.0,-2.1826209242736816e-11,8.145118451634105e-18,-49229.53721899515,-1230738.430474879
116,1.0229478789571165e-43,-35389.0,-1.1920247544594531e-07,4.483195835562262e-17,-49090.536634115975,-1227263.4158528994
117,1.0229478789571165e-43,-35389.0,-2.1826209242736816e-11,2.3462293831263926e-16,-48953.89199135339,-1223847.299783835
118,1.0229478789571165e-43,-131072.0,-1.1920247544594531e-07,1.3305392588213154e-15,-49568.561391619456,-1239214.0347904866
119,1.0229478789571165e-43,-35389.0,-3.5525106026513967e-15,6.8903470575682954e-15,-49430.210619923724,-1235755.265498093
120,-3.689380920481441e+19,-35389.23828125,-1.1920247544594531e-07,3.9246587208406625e-14,-49294.14847230445,-1232353.7118076112
121,2.524376864345666e-29,-35389.2421875,-2.1826209242736816e-11,2.0716842954668357e-13,-49160.31688152196,-1229007.922038049
122,1.0842116075143664e-19,-35389.2421875,-2.1826209242736816e-11,1.149309380304997e-12,-49028.66141416684,-1225716.535354171
123,1.0842116075143664e-19,-131072.96875,-2.1826209242736816e-11,6.203064104037814e-12,-49617.95005645467,-1240448.7514113667
124,-3.689380920481441e+19,-131072.953125,-3.5525106026513967e-15,3.336729503811142e-11,-50197.80996402269,-1254945.2491005673
125,1.0229478789571165e-43,-35389.23828125,-2.1826209242736816e-11,1.8485563080261613e-10,-50061.05504968911,-1251526.3762422279
126,1.0229478789571165e-43,-35389.0,-1.1920247544594531e-07,9.586140770068141e-10,-49926.45200825952,-1248161.300206488
127,1.0229478789571165e-43,-35389.0,-3.5525106026513967e-15,5.478822728832711e-09,-49793.95213935227,-1244848.8034838068
128,1.0229478789571165e-43,-131072.0,-2.1826209242736816e-11,2.849275659855266e-08,-50354.460654729504,-1258861.5163682376
129,1.0229478789571165e-43,-131072.0,-6.504717243533378e-19,1.6135248870341456e-07,-50906.34596217785,-1272658.6490544465
130,1.0229478789571165e-43,-35389.0,-6.504717243533378e-19,8.558888566767564e-07,-50769.40033489506,-1269235.0083723764
131,1.0229478789571165e-43,-35389.0,-2.1826209242736816e-11,4.716244802693836e-06,-50634.52964135897,-1265863.241033974
132,-1.0229478789571165e-43,-35389.234375,-2.1826209242736816e-11,2.5600304070394486e-05,-50501.68872013928,-1262542.218003482
133,1.0229478789571165e-43,-131072.953125,-2.1826209242736816e-11,0.00013661471894010901,-51036.00774836553,-1275900.1937091383
134,2.0000174045562744,-131072.953125,-2.1826209242736816e-11,0.0007619892712682486,-51562.410939136586,-1289060.2734784146
135,1.0229478789571165e-43,-35389.0,-2.1826209242736816e-11,0.0039139073342084885,-51425.67607037919,-1285641.9017594797
136,2.0000174045562744,-35389.23828125,-2.1826209242736816e-11,0.022552601993083954,-51290.938951310665,-1282273.4737827666
137,-1.0229478789571165e-43,-35389.234375,-1.1920247544594531e-07,0.11779829859733582,-51158.154517744224,-1278953.8629436055
138,1.0229478789571165e-43,-131072.953125,-1.1920247544594531e-07,0.6630895137786865,-51668.53066151914,-1291713.2665379783
139,1.0229478789571165e-43,-131072.953125,-6.504717243533378e-19,3.535170555114746,-52171.615717525834,-1304290.392938146
140,1.0229478789571165e-43,-35389.0,-2.1826209242736816e-11,19.34386444091797,-52035.40900171452,-1300885.225042863
141,-1.0229478789571165e-43,-35389.234375,-6.504717243533378e-19,105.62545776367188,-51901.12222789358,-1297528.0556973396
142,-1.0229478789571165e-43,-35389.234375,-6.504717243533378e-19,559.003662109375,-51768.71359076944,-1294217.839769236
143,1.0229478789571165e-43,-35389.23828125,-6.504717243533378e-19,3140.0146484375,-51638.143987764044,-1290953.5996941011
144,-1.0229478789571165e-43,-35389.234375,-6.504717243533378e-19,16176.05859375,-51509.37531970457,-1287734.3829926145
145,1.0229478789571165e-43,-35389.0,-2.1826209242736816e-11,92800.46875,-51382.36911058421,-1284559.227764605
146,1.0229478789571165e-43,-35389.23828125,-1.0587306626592269e-22,486913.875,-51257.09238709718,-1281427.3096774295
147,-1.0229478789571165e-43,-35389.234375,-3.5525106026513967e-15,2723855.0,-51133.5085677191,-1278337.7141929774
148,2.0000174045562744,-35389.23828125,-3.5525106026513967e-15,14598204.0,-51011.583615975964,-1275289.590399399
149,1.0229478789571165e-43,-35389.0,-3.5525106026513967e-15,79299040.0,-50891.282850457,-1272282.071261425
150,1.0229478789571165e-43,-35389.23828125,-3.5525106026513967e-15,435685248.0,-50772.57694255988,-1269314.423563997
151,-1.0229478789571165e-43,-35389.234375,-2.1826209242736816e-11,2285911040.0,-50655.43293056371,-1266385.8232640927
152,1.0229478789571165e-43,-35389.0,-1.0587306626592269e-22,12935294976.0,-50539.818785841926,-1263495.4696460483
153,1.0229478789571165e-43,-35389.0,-6.504717243533378e-19,66907783168.0,-50425.70612351913,-1260642.6530879783
154,1.0229478789571165e-43,-131072.0,-2.1826209242736816e-11,381717184512.0,-50888.118023515875,-1272202.9505878969
155,1.0229478789571165e-43,-131072.0,-6.504717243533378e-19,2012200042496.0,-51344.60156582036,-1283615.039145509
156,-1.0229478789571165e-43,-35389.234375,-6.504717243533378e-19,11184157753344.0,-51227.54478590521,-1280688.6196476303
157,1.0229478789571165e-43,-35389.0,-6.504717243533378e-19,60267232755712.0,-51111.96835553955,-1277799.2088884888
158,1.0229478789571165e-43,-35389.0,-1.0587306626592269e-22,324907699273728.0,-50997.84571675082,-1274946.1429187704
159,1.0229478789571165e-43,-131072.0,-6.504717243533378e-19,1796610052849664.0,-51442.23137241497,-1286055.7843103744
160,1.0229478789571165e-43,-131072.953125,-1.0587306626592269e-22,9341515214094336.0,-51881.10222415436,-1297027.555603859
161,1.0229478789571165e-43,-35389.0,-6.504717243533378e-19,5.326939704052941e+16,-51764.3452276357,-1294108.6306908925
162,-1.0229478789571165e-43,-35389.234375,-2.1826209242736816e-11,2.766909328987259e+17,-51649.02217175536,-1291225.554293884
163,1.0229478789571165e-43,-35389.0,-2.1826209242736816e-11,1.5695127164758262e+18,-51535.104163318625,-1288377.6040829658
164,1.0229478789571165e-43,-131072.0,-3.5525106026513967e-15,8.313677897474769e+18,-51962.76747519557,-1299069.1868798893
165,1.0229478789571165e-43,-131072.0,-3.5525106026513967e-15,4.590095128495076e+19,-52385.2782170499,-1309631.9554262476
166,1.0229478789571165e-43,-35389.0,-2.1826209242736816e-11,2.487438701500899e+20,-52268.997921068345,-1306724.9480267088
167,1.0229478789571165e-43,-35389.0,-3.5525106026513967e-15,1.3304798605656027e+21,-52154.10191432467,-1303852.5478581167
168,-1.0229478789571165e-43,-35389.234375,-3.5525106026513967e-15,7.40640152259159e+21,-52040.5669155366,-1301014.172888415
169,1.0229478789571165e-43,-131072.953125,-3.5525106026513967e-15,3.8148136960408995e+22,-52452.68380722436,-1311317.0951806093
170,1.0229478789571165e-43,-131072.0,-3.5525106026513967e-15,2.1929597441216972e+23,-52859.975426030156,-1321499.385650754
171,1.0229478789571165e-43,-35389.0,-2.1826209242736816e-11,1.1439976039308138e+24,-52744.31550371678,-1318607.8875929194
172,1.0229478789571165e-43,-35389.23828125,-3.5525106026513967e-15,6.450787203245074e+24,-52629.993973394674,-1315749.849334867
173,1.0229478789571165e-43,-35389.23828125,-1.1920247544594531e-07,3.4341187414008613e+25,-52516.98648365098,-1312924.6620912745
174,1.0229478789571165e-43,-131072.953125,-3.5525106026513967e-15,1.882913032096229e+26,-52914.606209472724,-1322865.1552368181
175,1.0229478789571165e-43,-131072.0,-2.1826209242736816e-11,1.0263824480713979e+27,-53307.70248454967,-1332692.5621137419
176,1.0229478789571165e-43,-131072.0,-2.1826209242736816e-11,5.445037309292911e+27,-53696.356993806534,-1342408.9248451632
177,-1.0229478789571165e-43,-131072.9375,-2.1826209242736816e-11,3.0523100764624643e+28,-54080.649504779845,-1352016.2376194962
178,1.0229478789571165e-43,-35389.0,-3.5525106026513967e-15,1.5706420916831057e+29,-53962.693187927056,-1349067.3296981764
179,-1.0229478789571165e-43,-35389.234375,-2.1826209242736816e-11,9.024628221108658e+29,-53846.048709767136,-1346151.2177441784
180,1.0229478789571165e-43,-35389.0,-2.1826209242736816e-11,4.728949083957447e+30,-53730.69191461997,-1343267.2978654993
181,1.0229478789571165e-43,-131072.953125,-6.504717243533378e-19,2.6501965432119775e+31,-54106.34986290479,-1352658.7465726198
182,-1.0229478789571165e-43,-131072.9375,-3.5525106026513967e-15,1.4181899118492658e+32,-54477.902180304525,-1361947.5545076132
183,-1.0229478789571165e-43,-35389.234375,-1.0587306626592269e-22,7.72003857814139e+32,-54360.9934027982,-1359024.835069955
184,1.0229478789571165e-43,-35389.0,-6.504717243533378e-19,4.2339715738628755e+33,-54245.3473238,-1356133.683095
185,1.0229478789571165e-43,-35389.23828125,-3.5525106026513967e-15,2.227023429761425e+34,-54130.945944413936,-1353273.6486103483
186,1.0229478789571165e-43,-35389.0,-3.5525106026513967e-15,1.2575153375385921e+35,-54017.76692218782,-1350444.1730546956
187,-1.0229478789571165e-43,-35389.234375,-2.1826209242736816e-11,6.496885212690457e+35,-53905.79309344821,-1347644.8273362052
188,1.0229478789571165e-43,-35389.23828125,-6.504717243533378e-19,3.712511268611405e+36,-53795.0041922024,-1344875.1048050602
189,-1.0229478789571165e-43,-35389.234375,-6.504717243533378e-19,1.9543881434561105e+37,-53685.38147076524,-1342134.536769131
190,-1.0229478789571165e-43,-35389.234375,-6.504717243533378e-19,1.088311506271781e+38,-53576.90663122795,-1339422.6657806986
191,1.0229478789571165e-43,-35389.0,-6.504717243533378e-19,,-53469.56060079514,-1336739.0150198785
192,1.0229478789571165e-43,-35389.0,-2.1826209242736816e-11,-1.2707820858769893e-38,-53363.32696446009,-1334083.174111502
193,1.0229478789571165e-43,-131072.0,-6.504717243533378e-19,-3.060434725046629e-38,-53717.63739568975,-1342940.934892244
194,-1.0229478789571165e-43,-131072.9375,-3.5525106026513967e-15,-7.158610556678559e-38,-54068.31835236343,-1351707.9588090857
195,-1.0229478789571165e-43,-35389.234375,-3.5525106026513967e-15,-1.6392703326527719e-37,-53960.65696852046,-1349016.4242130115
196,1.0229478789571165e-43,-35389.0,-3.5525106026513967e-15,-3.693637107939664e-37,-53854.087485371274,-1346352.1871342817
197,1.0229478789571165e-43,-35389.0,-3.5525106026513967e-15,-8.911770357032497e-37,-53748.59446164783,-1343714.8615411958
198,1.0229478789571165e-43,-35389.0,-2.1826209242736816e-11,-2.1144312255137957e-36,-53644.1616693186,-1341104.041732965
199,-1.0229478789571165e-43,-35389.234375,-2.1826209242736816e-11,-4.893016759242184e-36,-53540.77429656771,-1338519.3574141928
200,2.0000174045562744,-35389.23828125,-1.1920247544594531e-07,-1.1114342134913552e-35,-53438.41567199768,-1335960.3917999421
201,-1.0229478789571165e-43,-35389.234375,-1.1920247544594531e-07,-2.56964787005305e-35,-53337.07048114196,-1333426.7620285489
202,1.0229478789571165e-43,-35389.0,-1.1920247544594531e-07,-6.201942633249448e-35,-53236.72268955076,-1330918.067238769
203,1.0229478789571165e-43,-35389.0,-1.1920247544594531e-07,-1.4529179052785592e-34,-53137.35869983792,-1328433.9674959478
204,-1.0229478789571165e-43,-35389.234375,-0.000732366053853184,-3.3308945678144576e-34,-53038.96517993208,-1325974.1294983018
205,1.0229478789571165e-43,-131072.0,-2.1826209242736816e-11,-7.5119066501435935e-34,-53374.210740335395,-1334355.268508385
206,1.0229478789571165e-43,-131072.953125,-2.1826209242736816e-11,-1.80406571035352e-33,-53706.22150247125,-1342655.5375617812
207,1.0229478789571165e-43,-131072.0,-2.1826209242736816e-11,-4.288225432318783e-33,-54035.03558478155,-1350875.8896195388
208,1.0229478789571165e-43,-131072.0,-2.1826209242736816e-11,-9.936638887861051e-33,-54360.703120849656,-1359017.5780212414
209,1.0229478789571165e-43,-35389.0,-2.1826209242736816e-11,-2.2593653822169072e-32,-54258.82581450337,-1356470.6453625842
210,1.0229478789571165e-43,-35389.0,-2.1826209242736816e-11,-5.195231289815093e-32,-54157.91416982862,-1353947.8542457155
211,1.0229478789571165e-43,-35389.0,-1.1920247544594531e-07,-1.2566763416787763e-31,-54057.95452180174,-1351448.8630450435
212,-1.0229478789571165e-43,-131072.9375,-2.1826209242736816e-11,-2.948612850789068e-31,-54377.40273506584,-1359435.0683766461
213,1.0229478789571165e-43,-131072.0,-1.1920247544594531e-07,-6.7677460364411665e-31,-54693.86137005626,-1367346.5342514063
214,-1.0229478789571165e-43,-35389.234375,-3.5525106026513967e-15,-1.5276532742608394e-30,-54592.804745633395,-1364820.118640835
215,1.0229478789571165e-43,-35389.0,-1.1920247544594531e-07,-3.651585744049735e-30,-54492.682819904214,-1362317.0704976053
216,1.0229478789571165e-43,-35389.0,-2.1826209242736816e-11,-8.696004023880319e-30,-54393.48367690065,-1359837.0919225162
217,1.0229478789571165e-43,-131072.0,-1.1920247544594531e-07,-2.0177673119322336e-29,-54704.061965644294,-1367601.5491411074
218,1.0229478789571165e-43,-131072.0,-3.5525106026513967e-15,-4.592667638176807e-29,-55011.80392298388,-1375295.098074597
219,2.0000174045562744,-131072.953125,-3.5525106026513967e-15,-1.0501783023127634e-28,-55316.752261981484,-1382918.806549537
220,1.0229478789571165e-43,-131072.0,-1.0587306626592269e-22,-2.5460630160753985e-28,-55618.93686994996,-1390473.421748749
221,-1.0229478789571165e-43,-131072.9375,-2.1826209242736816e-11,-5.98353885505054e-28,-55918.40302795495,-1397960.0756988737
222,1.0229478789571165e-43,-131072.953125,-6.504717243533378e-19,-1.3749903355900567e-27,-56215.18345609173,-1405379.586402293
223,1.0229478789571165e-43,-35389.0,-3.5525106026513967e-15,-3.1065458003400108e-27,-56111.39455132404,-1402784.8637831009
224,1.0229478789571165e-43,-35389.0,-3.5525106026513967e-15,-7.390095182429104e-27,-56008.52821459874,-1400213.2053649684
225,1.0229478789571165e-43,-35389.0,-6.504717243533378e-19,-1.7632711398137386e-26,-55906.572199437374,-1397664.3049859344
226,-1.0229478789571165e-43,-131072.9375,-6.504717243533378e-19,-4.097046486283313e-26,-56198.17507057226,-1404954.3767643066
227,1.0229478789571165e-43,-131072.0,-3.5525106026513967e-15,-9.335101385878298e-26,-56487.2161914163,-1412180.4047854075
228,1.0229478789571165e-43,-131072.0,-3.5525106026513967e-15,-2.1224923882934184e-25,-56773.73293565909,-1419343.3233914773
229,-1.0229478789571165e-43,-131072.9375,-3.5525106026513967e-15,-5.157791507236174e-25,-57057.76202701299,-1426444.0506753249
230,-1.0229478789571165e-43,-131072.9375,-6.504717243533378e-19,-1.2141196475771022e-24,-57339.33199203483,-1433483.2998008707
231,1.0229478789571165e-43,-35389.0,-3.5525106026513967e-15,-2.7933619874139394e-24,-57234.27654719041,-1430856.9136797602
232,-1.0229478789571165e-43,-35389.234375,-2.1826209242736816e-11,-6.3169693593473484e-24,-57130.12380286402,-1428253.0950716005
233,1.0229478789571165e-43,-35389.23828125,-6.504717243533378e-19,-1.495396917461883e-23,-57026.86126848422,-1425671.5317121057
234,-1.0229478789571165e-43,-35389.234375,-6.504717243533378e-19,-3.574990142539342e-23,-56924.47754869979,-1423111.9387174947
235,1.0229478789571165e-43,-131072.0,-1.0587306626592269e-22,-8.318372900309835e-23,-57200.643112574,-1430016.07781435
236,1.0229478789571165e-43,-35389.23828125,-6.504717243533378e-19,-1.8973531031081974e-22,-57098.39014905256,-1427459.7537263138
237,1.0229478789571165e-43,-35389.0,-6.504717243533378e-19,-4.288961768346209e-22,-56996.99552148566,-1424924.8880371414
238,-1.0229478789571165e-43,-35389.234375,-3.5525106026513967e-15,-1.044735172106226e-21,-56896.45029804488,-1422411.2574511222
239,1.0229478789571165e-43,-35389.23828125,-6.504717243533378e-19,-2.4633559810864206e-21,-56796.742966628,-1419918.5741657
240,-1.0229478789571165e-43,-35389.234375,-6.504717243533378e-19,-5.674483235920778e-21,-56697.86306684589,-1417446.5766711473
241,-1.0229478789571165e-43,-35389.234375,-3.5525106026513967e-15,-1.284450901933743e-20,-56599.80035631819,-1414995.008907955
242,-1.0229478789571165e-43,-131072.9375,-6.504717243533378e-19,-3.025515195519561e-20,-56869.3502476381,-1421733.7561909526
243,1.0229478789571165e-43,-131072.0,-3.5525106026513967e-15,-7.247464429035821e-20,-57136.68713442243,-1428417.1783605607
244,-1.0229478789571165e-43,-131072.9375,-6.504717243533378e-19,-1.688779693406504e-19,-57401.84524386175,-1435046.1310965437
245,-1.0229478789571165e-43,-35389.234375,-2.1826209242736816e-11,-3.8561330020116877e-19,-57302.51533278565,-1432562.8833196412
246,1.0229478789571165e-43,-35389.0,-3.5525106026513967e-15,-8.669413234420735e-19,-57203.98882855628,-1430099.720713907
247,1.0229478789571165e-43,-35389.23828125,-6.504717243533378e-19,-2.1159007099504305e-18,-57106.257787949166,-1427656.444698729
248,1.0229478789571165e-43,-131072.0,-6.504717243533378e-19,-4.9975192042187486e-18,-57367.27502825063,-1434181.875706266
249,-1.0229478789571165e-43,-131072.9375,-3.5525106026513967e-15,-1.1526473977073272e-17,-57626.20762392586,-1440655.1905981465
250,1.0229478789571165e-43,-131072.0,-6.504717243533378e-19,-2.6115819091418094e-17,-57883.07353228876,-1447076.838307219
251,1.0229478789571165e-43,-131072.0,-1.0587306626592269e-22,-6.120360968350075e-17,-58137.90082233132,-1453447.520558283
252,1.0229478789571165e-43,-35389.0,-6.504717243533378e-19,-1.469101884651739e-16,-58038.40899610918,-1450960.2249027295
253,1.0229478789571165e-43,-35389.0,-3.5525106026513967e-15,-3.428263151266926e-16,-57939.70057009352,-1448492.5142523379
254,-1.0229478789571165e-43,-35389.234375,-6.504717243533378e-19,-7.836645066460748e-16,-57841.767184011354,-1446044.1796002837
255,1.0229478789571165e-43,-131072.953125,-2.1826209242736816e-11,-1.7633527660775288e-15,-58092.77761884903,-1452319.440471226
256,1.0229478789571165e-43,-131072.0,-3.5525106026513967e-15,-4.284792396651131e-15,-58341.83121030493,-1458545.7802576234
257,-1.0229478789571165e-43,-131072.9375,-2.1826209242736816e-11,-1.0137774815585296e-14,-58588.95753874195,-1464723.9384685487
258,1.0229478789571165e-43,-131072.0,-3.5525106026513967e-15,-2.341192967573666e-14,-58834.17218385497,-1470854.3045963743
259,1.0229478789571165e-43,-35389.0,-1.1920247544594531e-07,-5.309661944060545e-14,-58734.681016948336,-1468367.0254237084
260,1.0229478789571165e-43,-35389.0,-6.504717243533378e-19,-1.2379068039733432e-13,-58635.95223446245,-1465898.805861561
261,1.0229478789571165e-43,-35389.23828125,-6.504717243533378e-19,-2.977634415077257e-13,-58537.9779540179,-1463449.4488504473
262,1.0229478789571165e-43,-131072.0,-3.5525106026513967e-15,-6.958910444415656e-13,-58779.65693755021,-1469491.423438755
263,-1.0229478789571165e-43,-131072.9375,-6.504717243533378e-19,-1.5925104117353595e-12,-59019.508327737734,-1475487.7081934432
264,1.0229478789571165e-43,-131072.0,-6.504717243533378e-19,-3.5864774691751755e-12,-59257.54622319161,-1481438.6555797902
265,1.0229478789571165e-43,-131072.953125,-3.5525106026513967e-15,-8.675778845335103e-12,-59493.797697925685,-1487344.942448142
266,-1.0229478789571165e-43,-35389.234375,-2.1826209242736816e-11,-2.0563210856305858e-11,-59394.44522384784,-1484861.130596196
267,-1.0229478789571165e-43,-35389.234375,-2.1826209242736816e-11,-4.754972804388302e-11,-59295.834186143715,-1482395.8546535927
268,1.0229478789571165e-43,-35389.0,-1.1920247544594531e-07,-1.0794606875030865e-10,-59197.95550436671,-1479948.8876091677
269,1.0229478789571165e-43,-131072.0,-3.5525106026513967e-15,-2.5034008199753544e-10,-59430.92437517652,-1485773.109379413
270,-1.0842116075143664e-19,-131072.953125,-2.1826209242736816e-11,-6.034530652954118e-10,-59662.17719483438,-1491554.4298708597
271,-1.0229478789571165e-43,-131072.9375,-2.1826209242736816e-11,-1.4124519331915053e-09,-59891.72957259991,-1497293.2393149976
272,1.0229478789571165e-43,-131072.0,-1.1920247544594531e-07,-3.235995471584374e-09,-60119.59704897505,-1502989.926224376
273,-1.0229478789571165e-43,-35389.234375,-3.5525106026513967e-15,-7.2941741535714755e-09,-60020.498837552295,-1500512.4709388074
274,-1.0229478789571165e-43,-35389.234375,-3.5525106026513967e-15,-1.7564268262049154e-08,-59922.12134039444,-1498053.033509861
275,-1.0229478789571165e-43,-35389.234375,-3.5525106026513967e-15,-4.1706002207320125e-08,-59824.45672365077,-1495611.4180912694
276,1.0229478789571165e-43,-131072.0,-3.5525106026513967e-15,-9.656693578108388e-08,-60049.27655722248,-1501231.913930562
277,-1.0229478789571165e-43,-131072.9375,-3.5525106026513967e-15,-2.1944373429505504e-07,-60272.48212337296,-1506812.0530843239
278,1.0229478789571165e-43,-131072.0,-2.1826209242736816e-11,-5.061772299086442e-07,-60494.08451942903,-1512352.1129857257
279,-1.0229478789571165e-43,-35389.234375,-2.1826209242736816e-11,-1.2228333616803866e-06,-60395.77238585657,-1509894.3096464144
280,-1.0229478789571165e-43,-35389.234375,-3.5525106026513967e-15,-2.8666245270869695e-06,-60298.15998277218,-1507453.9995693045
281,-1.0229478789571165e-43,-35389.234375,-3.5525106026513967e-15,-6.5751646616263315e-06,-60201.23986623448,-1505030.996655862
282,1.0229478789571165e-43,-35389.0,-3.5525106026513967e-15,-1.4834160538157448e-05,-60105.003926029174,-1502625.0981507294
283,-1.0229478789571165e-43,-35389.234375,-3.5525106026513967e-15,-3.555438888724893e-05,-60009.44647248379,-1500236.1618120947
284,1.0229478789571165e-43,-35389.23828125,-1.1920247544594531e-07,-8.457942749373615e-05,-59914.55961032768,-1497863.990258192
285,-1.0229478789571165e-43,-131072.9375,-6.504717243533378e-19,-0.00019610015442594886,-60131.99270241413,-1503299.817560353
286,1.0229478789571165e-43,-131072.0,-3.5525106026513967e-15,-0.00044608290772885084,-60347.90753837441,-1508697.6884593603
287,1.0229478789571165e-43,-131072.0,-3.5525106026513967e-15,-0.0010232995264232159,-60562.322965751635,-1514058.0741437909
288,1.0229478789571165e-43,-35389.0,-3.5525106026513967e-15,-0.0024776598438620567,-60466.83558105399,-1511670.8895263495
289,1.0229478789571165e-43,-35389.0,-1.1920247544594531e-07,-0.0058174412697553635,-60372.00673004391,-1509300.168251098
290,1.0229478789571165e-43,-35389.0,-2.1826209242736816e-11,-0.013359125703573227,-60277.82962371432,-1506945.740592858
291,-1.0229478789571165e-43,-131072.9375,-3.5525106026513967e-15,-0.030166737735271454,-60489.55083715042,-1512238.7709287605
292,-1.0229478789571165e-43,-131072.9375,-6.504717243533378e-19,-0.07196089625358582,-60699.82685459036,-1517495.671364759
293,1.0229478789571165e-43,-131072.953125,-6.504717243533378e-19,-0.17150968313217163,-60908.67247244025,-1522716.8118110062
294,1.0229478789571165e-43,-131072.0,-3.5525106026513967e-15,-0.39819514751434326,-61116.099178035416,-1527902.4794508854
295,-1.0229478789571165e-43,-131072.9375,-6.504717243533378e-19,-0.9067418575286865,-61322.12730225508,-1533053.182556377
296,1.0229478789571165e-43,-131072.0,-6.504717243533378e-19,-2.068373680114746,-61526.76509121386,-1538169.1272803466
297,1.0229478789571165e-43,-35389.0,-1.0587306626592269e-22,-5.019559860229492,-61430.925170733724,-1535773.129268343
298,1.0229478789571165e-43,-35389.0,-2.1826209242736816e-11,-11.804744720458984,-61335.72631995579,-1533393.1579988948
299,-1.0229478789571165e-43,-35389.234375,-3.5525106026513967e-15,-27.14073944091797,-61241.16285595308,-1531029.071398827
300,-1.0229478789571165e-43,-131072.9375,-2.1826209242736816e-11,-61.34397888183594,-61443.35309213614,-1536083.8273034035
301,1.0229478789571165e-43,-131072.0,-6.504717243533378e-19,-145.62591552734375,-61644.2014283311,-1541105.0357082775
302,-1.0229478789571165e-43,-131072.9375,-3.5525106026513967e-15,-347.7518310546875,-61843.726915191575,-1546093.1728797893
303,1.0229478789571165e-43,-131072.0,-3.5525106026513967e-15,-808.503662109375,-62041.936861598886,-1551048.4215399723
304,-1.0229478789571165e-43,-131072.9375,-3.5525106026513967e-15,-1843.00732421875,-62238.84993401022,-1555971.2483502557
305,1.0229478789571165e-43,-35389.23828125,-3.5525106026513967e-15,-4180.029296875,-62143.18928310819,-1553579.732077705
306,-1.0229478789571165e-43,-35389.234375,-3.5525106026513967e-15,-10168.05859375,-62048.15181677605,-1551203.7954194013
307,1.0229478789571165e-43,-35389.0,-1.0587306626592269e-22,-23952.1171875,-61953.73076798175,-1548843.2691995439
308,1.0229478789571165e-43,-35389.0,-6.504717243533378e-19,-55136.234375,-61859.920858661855,-1546498.0214665462
309,2.0000174045562744,-35389.23828125,-6.504717243533378e-19,-124736.46875,-61766.71689059517,-1544167.9222648793
310,-1.0229478789571165e-43,-131072.9375,-3.5525106026513967e-15,-294657.875,-61960.71594865453,-1549017.8987163631
311,1.0229478789571165e-43,-131072.0,-1.1920247544594531e-07,-705027.75,-62153.468623892855,-1553836.7155973215
312,1.0229478789571165e-43,-131072.0,-3.5525106026513967e-15,-1641479.5,-62344.98965264404,-1558624.741316101
313,1.0229478789571165e-43,-131072.0,-2.1826209242736816e-11,-3745807.0,-62535.29080223121,-1563382.2700557802
314,1.0229478789571165e-43,-131072.0,-1.1920247544594531e-07,-8446012.0,-62724.38369055116,-1568109.5922637791
315,1.0229478789571165e-43,-131072.953125,-1.1920247544594531e-07,-20594808.0,-62912.282598183774,-1572807.0649545942
316,2.0000174045562744,-131072.953125,-2.1826209242736816e-11,-48595184.0,-63098.99602374931,-1577474.9005937327
317,-1.0229478789571165e-43,-35389.234375,-2.1826209242736816e-11,-112001504.0,-63004.240335370036,-1575106.0083842508
318,-1.0229478789571165e-43,-35389.234375,-0.000732366053853184,-253625280.0,-62910.07872654173,-1572751.9681635434
319,1.0229478789571165e-43,-35389.0,-1.1920247544594531e-07,-596119296.0,-62816.5049454842,-1570412.623637105
320,1.0229478789571165e-43,-35389.0,-3.5525106026513967e-15,-1429216768.0,-62723.51417863886,-1568087.8544659715
321,1.0229478789571165e-43,-35389.0,-0.000732366053853184,-3332389888.0,-62631.1009941963,-1565777.5248549073
322,3298554019840.0,-131073.015625,-0.000732366053853184,-7612692480.0,-62815.21677044974,-1570380.4192612437
323,-1.1339944161422133e-30,-131073.03125,-2.1826209242736816e-11,-17121210368.0,-62998.1960744899,-1574954.9018622474
324,1.7053104805000996e-12,-131073.03125,-1.1920247544594531e-07,-41708404736.0,-63180.04935204365,-1579501.2338010913
325,3.022340850058397e+23,-131073.03125,-2.1826209242736816e-11,-98583412736.0,-63360.78696531793,-1584019.6741329483
326,-1.998356763563952e-37,-131073.03125,-1.1920247544594531e-07,-227500032000.0,-63540.41914976485,-1588510.4787441213
327,-7.318587420601253e-33,-131073.03125,-2.1826209242736816e-11,-515666477056.0,-63718.95601601392,-1592973.9004003482
328,-5.679842452868141e-29,-131073.03125,-1.1920247544594531e-07,-1205819932672.0,-63896.40755176908,-1597410.188794227
329,-1.0255246686969224e-29,-35389.2578125,-3.5525106026513967e-15,-2896971169792.0,-63802.68119237656,-1595067.0298094142
330,-1.0097507457382664e-28,-35389.2578125,-6.504717243533378e-19,-6764604948480.0,-63709.521155397306,-1592738.0288849326
331,-7.1490862780004635e-31,-35389.2578125,-3.5525106026513967e-15,-15470535114752.0,-63616.92232346009,-1590423.0580865021
332,-2.4652040585896795e-30,-35389.2578125,-3.5525106026513967e-15,-34823720665088.0,-63524.87964066363,-1588121.9910165907
333,-5.200037665810415e-33,-35389.2578125,-3.5525106026513967e-15,-84456740225024.0,-63433.38811165638,-1585834.7027914093
334,-8.088959398356147e-33,-131073.03125,-2.1826209242736816e-11,-199974683934720.0,-63608.51385245579,-1590212.8463113948
335,-1.2037145952310468e-34,-131073.03125,-3.5525106026513967e-15,-462071774838784.0,-63782.5971781314,-1594564.929453285
336,-2.7271599876405577e-36,-131073.03125,-6.504717243533378e-19,-1048388363616256.0,-63955.64736834305,-1598891.1842085763
337,-1.616314961859435e-38,-131073.03125,-2.1826209242736816e-11,-2438732896534528.0,-64127.67359293216,-1603191.839823304
338,-1.322441374153863e-38,-131073.03125,-6.504717243533378e-19,-5871424304578560.0,-64298.68491354139,-1607467.1228385346
339,1.9938512475267555e+37,-131073.03125,-6.504717243533378e-19,-1.3730765632176128e+16,-64468.690285205856,-1611717.2571301465
340,5.841379150663115e+33,-131073.03125,-3.5525106026513967e-15,-3.143736531039027e+16,-64637.69855791627,-1615942.4639479069
341,9.086564687247382e+33,-131073.03125,-1.0587306626592269e-22,-7.082639871285658e+16,-64805.718478154704,-1620142.9619538677
342,1.0141293053410667e+31,-131073.03125,-6.504717243533378e-19,-1.7099707914387456e+17,-64972.75869040341,-1624318.9672600853
343,1.9807178521667384e+29,-131073.03125,-2.1826209242736816e-11,-4.056075030243574e+17,-65138.82773862741,-1628470.6934656855
344,2.9710698835950426e+29,-131073.03125,-3.5525106026513967e-15,-9.384416955219313e+17,-65303.93406773127,-1632598.3516932817
345,9.284593386234508e+27,-131073.03125,-3.5525106026513967e-15,-2.1313367699902956e+18,-65468.0860249906,-1636702.150624765
346,1.3617426615327495e+28,-131073.03125,-6.504717243533378e-19,-4.931474577319526e+18,-65631.29186145881,-1640782.2965364703
347,1.0832029208239773e+27,-131073.03125,-6.504717243533378e-19,-1.1898576186210517e+19,-65793.55973334963,-1644838.9933337409
348,3.404356653831874e+27,-35389.2578125,-2.1826209242736816e-11,-2.7868406435563962e+19,-65699.49998899114,-1642487.4997247783
349,3.929029954565004e+24,-35389.2578125,-6.504717243533378e-19,-6.387932099741378e+19,-65605.97772888615,-1640149.443222154
350,1.6622835223788447e+24,-35389.2578125,-1.0587306626592269e-22,-1.4404365824739928e+20,-65512.988359152114,-1637824.708978803
351,2.951499599466828e+21,-35389.2578125,-1.0587306626592269e-22,-3.4616679282053113e+20,-65420.52733810975,-1635513.1834527438
352,9.44479871829385e+22,-35389.2578125,-1.0587306626592269e-22,-8.22613715661636e+20,-65328.59017554355,-1633214.7543885887
353,2.2667490622883416e+23,-131073.03125,-6.504717243533378e-19,-1.9057876913644194e+21,-65488.96283402919,-1637224.0708507297
354,5.312703388574951e+21,-131073.03125,-6.504717243533378e-19,-4.3326959028111336e+21,-65648.4319845797,-1641210.7996144926
355,4.835745360093435e+24,-131073.03125,-6.504717243533378e-19,-9.970532725834423e+21,-65807.005241026,-1645175.13102565
356,9.44481515643249e+21,-131073.03125,-6.504717243533378e-19,-2.4110029612327205e+22,-65964.69013188995,-1649117.2532972486
357,1.0330228050460599e+21,-131073.03125,-1.9385568033258252e-26,-5.655798754597113e+22,-66121.49410157591,-1653037.3525393978
358,2.536443363004829e+19,-131073.03125,-1.9385568033258252e-26,-1.2979183173457569e+23,-66277.42451154215,-1656935.6127885538
359,1.1805998397867313e+22,-131073.03125,-6.504717243533378e-19,-2.9293537675441825e+23,-66432.48864145303,-1660812.216036326
360,1.5347773260019546e+22,-35389.2578125,-3.5525106026513967e-15,-7.006854503514259e+23,-66339.7856506242,-1658494.6412656049
361,2.07527476116209e+19,-35389.2578125,-3.5525106026513967e-15,-1.6681846069849867e+24,-66247.5948310154,-1656189.870775385
362,4.323475708362883e+18,-131073.03125,-1.9385568033258252e-26,-3.8699966265342434e+24,-66401.45961461993,-1660036.4903654985
363,3.689380920481441e+19,-131073.03125,-1.0587306626592269e-22,-8.807248078197027e+24,-66554.47898732554,-1663861.9746831385
364,1.2912785063075748e+20,-131073.03125,-1.0587306626592269e-22,-2.01551984994682e+25,-66706.65989771494,-1667666.4974428737
365,1.6140981328844685e+19,-35389.2578125,-6.504717243533378e-19,-4.884843559996472e+25,-66614.47423939398,-1665361.8559848496
366,3.689374499333535e+20,-35389.2578125,-3.5525106026513967e-15,-1.1477294840198607e+26,-66522.79095523279,-1663069.7738808198
367,6.917569159815496e+18,-35389.2578125,-2.1826209242736816e-11,-2.636980512080854e+26,-66431.60594978988,-1660790.148744747
368,8.070490664422343e+18,-35389.2578125,-3.5525106026513967e-15,-5.957004112243974e+26,-66340.91517201875,-1658522.8793004688
369,1.4988059824237838e+19,-35389.2578125,-2.1826209242736816e-11,-1.4180788408451154e+27,-66250.71461466799,-1656267.8653666996
370,2.951504736385153e+20,-35389.2578125,-6.504717243533378e-19,-3.382592152156043e+27,-66161.0003136911,-1654025.0078422774
371,1.1068110655704793e+20,-35389.2578125,-3.5525106026513967e-15,-7.858053245243711e+27,-66071.7683476657,-1651794.2086916424
372,6.755430794317005e+16,-131073.03125,-2.1826209242736816e-11,-1.7901844372350672e+28,-66221.97945472144,-1655549.486368036
373,1.199044785939027e+20,-131073.03125,-2.1826209242736816e-11,-4.073624775972352e+28,-66371.38729382503,-1659284.6823456257
374,6.917569159815496e+18,-131073.03125,-2.1826209242736816e-11,-9.895839857435303e+28,-66519.99829112005,-1662999.9572780011
375,1.660219808929672e+20,-131073.03125,-2.1826209242736816e-11,-2.3288860325851805e+29,-66667.81880438692,-1666695.470109673
376,2111072123224064.0,-131073.03125,-3.5525106026513967e-15,-5.357208187366601e+29,-66814.85512394944,-1670371.3780987358
377,8.646951416725766e+18,-35389.2578125,-3.5525106026513967e-15,-1.2113288619125682e+30,-66725.30976370683,-1668132.7440926707
378,1.8014523922527027e+17,-35389.2578125,-3.5525106026513967e-15,-2.8695631449508057e+30,-66636.23693834676,-1665905.9234586689
379,6.917569159815496e+18,-35389.2578125,-2.1826209242736816e-11,-6.858224085415595e+30,-66547.63291733069,-1663690.822933267
380,4.611726150601802e+18,-35389.2578125,-3.5525106026513967e-15,-1.5954643761859158e+31,-66459.49400928583,-1661487.3502321457
381,4.323480724884685e+17,-35389.2578125,-3.5525106026513967e-15,-3.638567870577425e+31,-66371.81656149252,-1659295.414037313
382,85899943936.0,-35389.2578125,-2.1826209242736816e-11,-8.231864113671406e+31,-66284.59695937959,-1657114.9239844896
383,9.529194367773863e-22,-35389.2578125,-6.504717243533378e-19,-2.004484117298756e+32,-66197.83162602766,-1654945.7906506916
384,-6.490427554182827e+32,-131073.015625,-6.504717243533378e-19,-4.725190823726462e+32,-66343.03335355502,-1658575.8338388754
385,-2.882328844126126e+17,-131073.015625,-3.5525106026513967e-15,-1.0882826825710823e+33,-66487.48274052523,-1662187.0685131308
386,-1.7500087022781372,-131073.015625,-2.1826209242736816e-11,-2.4630544007937444e+33,-66631.18561903565,-1665779.6404758913
387,-9.947647767365522e-14,-131073.015625,-3.5525106026513967e-15,-5.805876887246469e+33,-66774.1477610589,-1669353.6940264725
388,-5.048753728691332e-29,-35389.25390625,-2.1826209242736816e-11,-1.3903666059705577e+34,-66687.23916864845,-1667180.9792162112
389,1.5950828487912807e+37,-35389.25390625,-2.1826209242736816e-11,-3.239115668983643e+34,-66600.77626132728,-1665019.4065331821
390,2.2136221311409586e+20,-35389.25390625,-2.1826209242736816e-11,-7.394996252052342e+34,-66514.75561951671,-1662868.8904879177
391,33554724.0,-35389.25390625,-2.1826209242736816e-11,-1.663169471723814e+35,-66429.17385853169,-1660729.3464632924
392,6.103568739490584e-05,-35389.25390625,-2.1826209242736816e-11,-4.059750874715673e+35,-66344.02762813693,-1658600.6907034232
393,5.551163430473556e-17,-35389.25390625,-6.504717243533378e-19,-9.586325611967434e+35,-66259.31361210966,-1656482.8403027416
394,1.514621725079714e-28,-35389.25390625,-3.5525106026513967e-15,-2.2106298949007046e+36,-66175.02852780912,-1654375.713195228
395,-5.316958252386572e+36,-35389.25,-3.5525106026513967e-15,-5.0079893348158447e+36,-66091.1691165635,-1652279.2279140875
396,-4295004672.0,-35389.25,-2.1826209242736816e-11,-1.1745051553041794e+37,-66007.73217086571,-1650193.3042716428
397,-5.421058037571832e-20,-35389.25,-3.5525106026513967e-15,-2.818393946619907e+37,-65924.71450630209,-1648117.8626575521
398,1.4757523681925766e+20,-35389.25,-2.1826209242736816e-11,-6.575555165262911e+37,-65842.11297038289,-1646052.8242595724
399,6.018583451141515e-36,-35389.25,-2.1826209242736816e-11,-1.5028644874572016e+38,-65759.9244421433,-1643998.1110535823
400,1.0229478789571165e-43,-35389.24609375,-2.1826209242736816e-11,-3.381235883723642e+38,-65678.14582267583,-1641953.6455668956
401,1.0229478789571165e-43,-35389.0,-2.1826209242736816e-11,1.2226441205111175e-39,-65596.77349174413,-1639919.3372936032
402,1.0369608636003646e-43,-35389.0,-3.5525106026513967e-15,8.397292257854181e-39,-65515.804993720274,-1637895.124843007
403,1.0369608636003646e-43,-131072.0,-2.1826209242736816e-11,1.5571940395197244e-38,-65655.86377003041,-1641396.5942507603
404,1.0369608636003646e-43,-131072.0,-1.1920247544594531e-07,2.2746588532540308e-38,-65795.23089806247,-1644880.7724515616
405,1.0369608636003646e-43,-35389.0,-1.1920247544594531e-07,3.633258632332099e-38,-65714.37187808727,-1642859.296952182
406,1.0369608636003646e-43,-35389.0,-2.1826209242736816e-11,5.434399116312274e-38,-65633.91019973357,-1640847.754993339
407,-1.654375819032802e-24,-35389.2421875,-1.1920247544594531e-07,8.304258371249499e-38,-65553.84349433433,-1638846.0873583583
408,4.656653951329304e-10,-131072.984375,-1.1920247544594531e-07,1.2944280445795149e-37,-65692.09929902607,-1642302.4824756517
409,33554728.0,-131072.984375,-3.5525106026513967e-15,1.86839989556696e-37,-65829.68068515835,-1645742.0171289588
410,2.0000176429748535,-35389.24609375,-3.5525106026513967e-15,3.00395253179315e-37,-65749.72208990417,-1643743.0522476044
411,1.504646042151582e-36,-35389.24609375,-1.1920247544594531e-07,4.54221054490476e-37,-65670.15164317064,-1641753.791079266
412,-1.654375819032802e-24,-35389.2421875,-2.1826209242736816e-11,6.838097948854541e-37,-65590.96651666622,-1639774.1629166554
413,2.0000176429748535,-35389.23828125,-0.000732366053853184,1.0744806860346002e-36,-65512.1639182153,-1637804.0979553824
414,1.0369608636003646e-43,-131072.0,-1.1920247544594531e-07,1.5626835645965845e-36,-65648.51906690157,-1641212.9766725393
415,1.0369608636003646e-43,-35389.0,-2.1826209242736816e-11,2.4810385261764966e-36,-65569.95644603914,-1639248.9111509784
416,1.0369608636003646e-43,-35389.0,-2.1826209242736816e-11,3.7895214374077614e-36,-65491.77062431754,-1637294.2656079386
417,1.0369608636003646e-43,-35389.0,-2.1826209242736816e-11,5.6262313605675856e-36,-65413.958897436714,-1635348.972435918
418,1.0369608636003646e-43,-35389.0,-1.1920247544594531e-07,8.907351491244708e-36,-65336.51858691331,-1633412.964672833
419,1.0369608636003646e-43,-35389.0,-3.5525106026513967e-15,1.3124480522708488e-35,-65259.44703977336,-1631486.175994334
420,-1.084211736761337e-19,-35389.23828125,-2.1826209242736816e-11,2.0471320215347785e-35,-65182.742155493586,-1629568.5538873398
421,1.084211736761337e-19,-35389.2421875,-2.1826209242736816e-11,3.1562195511133716e-35,-65106.40081009394,-1627660.0202523484
422,2.52437716527222e-29,-35389.2421875,-2.1826209242736816e-11,4.625587489641231e-35,-65030.420416682,-1625760.51041705
423,2.52437716527222e-29,-35389.2421875,-6.504717243533378e-19,7.375085995370091e-35,-64954.798421352185,-1623869.9605338047
424,-3.6893813602860925e+19,-35389.23828125,-6.504717243533378e-19,1.099799402291544e-34,-64879.53228567369,-1621988.307141842
425,2.0000176429748535,-35389.23828125,-3.5525106026513967e-15,1.6875465777026878e-34,-64804.61951213452,-1620115.487803363
426,-1.0369608636003646e-43,-131072.9375,-3.5525106026513967e-15,2.6246575618404272e-34,-64938.801723925906,-1623470.0430981477
427,1.0369608636003646e-43,-35389.0,-1.0587306626592269e-22,3.8001519126627148e-34,-64864.1000114591,-1621602.5002864776
428,1.0369608636003646e-43,-35389.0,-6.504717243533378e-19,6.099432638195533e-34,-64789.74655872407,-1619743.6639681018
429,1.0369608636003646e-43,-35389.0,-6.504717243533378e-19,9.197122902131272e-34,-64715.73893600176,-1617893.473400044
430,1.0369608636003646e-43,-35389.0,-1.0587306626592269e-22,1.3899100305420422e-33,-64642.07473612272,-1616051.868403068
431,-1.0369608636003646e-43,-131072.9375,-6.504717243533378e-19,2.1794715862321258e-33,-64775.08017411098,-1619377.0043527745
432,-1.0369608636003646e-43,-131072.9375,-3.5525106026513967e-15,3.158246222760334e-33,-64907.47126827483,-1622686.7817068708
433,2.0000176429748535,-35389.23828125,-3.5525106026513967e-15,5.039037184075994e-33,-64833.87499981795,-1620846.8749954486
434,1.0369608636003646e-43,-35389.23828125,-1.0587306626592269e-22,7.676680468744154e-33,-64760.61710500915,-1619015.4276252287
435,2.0000176429748535,-35389.23828125,-6.504717243533378e-19,1.1438262391375474e-32,-64687.69525558938,-1617192.3813897346
436,-1.0369608636003646e-43,-131072.9375,-6.504717243533378e-19,1.8073736983935278e-32,-64819.07449744628,-1620476.862436157
437,1.0369608636003646e-43,-131072.953125,-3.5525106026513967e-15,2.654189837023922e-32,-64949.85386732074,-1623746.3466830184
438,-1.0369608636003646e-43,-131072.9375,-6.504717243533378e-19,4.15882260607645e-32,-65080.03739825407,-1627000.9349563518
439,1.0369608636003646e-43,-35389.0,-6.504717243533378e-19,6.396530092626632e-32,-65007.052015049245,-1625176.3003762313
440,1.0369608636003646e-43,-35389.0,-2.1826209242736816e-11,9.405795630731688e-32,-64934.39763131474,-1623359.9407828685
441,-1.0369608636003646e-43,-35389.234375,-1.1920247544594531e-07,1.496936102241084e-31,-64862.072494409374,-1621551.8123602343
442,2.0000176429748535,-35389.23828125,-2.1826209242736816e-11,2.225426156671661e-31,-64790.07389003822,-1619751.8472509554
443,1.0369608636003646e-43,-131072.953125,-2.1826209242736816e-11,3.4291323719136833e-31,-64919.15128781394,-1622978.7821953485
444,1.0369608636003646e-43,-131072.0,-3.5525106026513967e-15,5.321372648206352e-31,-65047.646567218886,-1626191.1641804723
445,1.0369608636003646e-43,-35389.0,-1.1920247544594531e-07,7.728785078690397e-31,-64975.715675337524,-1624392.891883438
446,1.0369608636003646e-43,-35389.23828125,-3.5525106026513967e-15,1.2383785966138766e-30,-64904.10711847545,-1622602.6779618862
447,1.0369608636003646e-43,-35389.23828125,-3.5525106026513967e-15,1.8620003549793475e-30,-64832.81824267079,-1620820.4560667698
448,1.0369608636003646e-43,-131072.953125,-2.1826209242736816e-11,2.8249653271729654e-30,-64960.36305393981,-1624009.0763484952
449,1.0369608636003646e-43,-131072.0,-2.1826209242736816e-11,4.4204169778491195e-30,-65087.33902631552,-1627183.475657888
450,1.0369608636003646e-43,-131072.0,-2.1826209242736816e-11,6.381806602704616e-30,-65213.75191233925,-1630343.7978084811
451,1.0369608636003646e-43,-35389.23828125,-2.1826209242736816e-11,1.0233666491479088e-29,-65142.40885668803,-1628560.2214172008
452,1.0369608636003646e-43,-35389.0,-3.5525106026513967e-15,1.554927827697093e-29,-65071.380291415284,-1626784.507285382
453,1.0369608636003646e-43,-35389.0,-0.000732366053853184,2.3252998054519874e-29,-65000.66462731113,-1625016.6156827784
454,1.0369608636003646e-43,-35389.0,-2.1826209242736816e-11,3.6669886697065257e-29,-64930.259801290966,-1623256.4950322742
455,1.0369608636003646e-43,-131072.0,-2.1826209242736816e-11,5.366755457018153e-29,-65055.631053092984,-1626390.7763273246
456,-1.0369608636003646e-43,-131072.9375,-1.1920247544594531e-07,8.448243368037731e-29,-65180.45554520231,-1629511.388630058
457,-1.0369608636003646e-43,-35389.234375,-2.1826209242736816e-11,1.2962042971285665e-28,-65110.11980628078,-1627752.9951570195
458,1.0369608636003646e-43,-35389.0,-3.9997713565826416,1.912501879332482e-28,-65040.0900655005,-1626002.2516375126
459,-1.0369608636003646e-43,-35389.234375,-1.1920247544594531e-07,3.0381150057070046e-28,-64970.36527648668,-1624259.131912167
460,-1.0369608636003646e-43,-131072.9375,-2.1826209242736816e-11,4.502452505498091e-28,-65094.291651043226,-1627357.2912760805
461,-1.0369608636003646e-43,-131072.9375,-3.5525106026513967e-15,6.967642834313753e-28,-65217.68154778784,-1630442.038694696
462,1.0369608636003646e-43,-131072.953125,-0.000732366053853184,1.0787730656795668e-27,-65340.53847425581,-1633513.4618563952
463,-1.0369608636003646e-43,-131072.9375,-1.1920247544594531e-07,1.5718111314426992e-27,-65462.86581363684,-1636571.645340921
464,-1.0369608636003646e-43,-131072.9375,-3.5525106026513967e-15,2.514111260519031e-27,-65584.66701392375,-1639616.6753480937
465,1.0369608636003646e-43,-35389.0,-2.1826209242736816e-11,3.769200516305327e-27,-65514.67088039202,-1637866.7720098007
466,-1.0369608636003646e-43,-35389.234375,-1.1920247544594531e-07,5.7413527793578566e-27,-65444.97498368698,-1636124.3745921745
467,1.0369608636003646e-43,-131072.0,-1.1920247544594531e-07,8.964661549250243e-27,-65566.0317692411,-1639150.7942310276
468,1.0369608636003646e-43,-131072.0,-2.1826209242736816e-11,1.2908966075355302e-26,-65686.57232116812,-1642164.3080292027
469,1.0369608636003646e-43,-35389.23828125,-1.1920247544594531e-07,2.0781844131779666e-26,-65616.95555188476,-1640423.8887971193
470,-1.0369608636003646e-43,-35389.234375,-2.1826209242736816e-11,3.149151222569745e-26,-65547.63438748404,-1638690.859687101
471,1.0369608636003646e-43,-35389.0,-3.5525106026513967e-15,4.726873033011769e-26,-65478.60649426507,-1636965.1623566267
472,1.0369608636003646e-43,-131072.0,-0.000732366053853184,7.439310858451162e-26,-65598.31250722226,-1639957.8126805567
473,-1.0369608636003646e-43,-131072.9375,-2.1826209242736816e-11,1.0849751301757572e-25,-65717.51527397297,-1642937.881849324
474,-1.0369608636003646e-43,-131072.9375,-1.1920247544594531e-07,1.7160638543525667e-25,-65836.21613433734,-1645905.4033584336
475,2.0000176429748535,-131072.953125,-0.000732366053853184,2.626353625676183e-25,-65954.41828216953,-1648860.457054238
476,1.0369608636003646e-43,-131072.0,-2.1826209242736816e-11,3.888531074029802e-25,-66072.12296212938,-1651803.0740532344
477,1.0369608636003646e-43,-35389.0,-2.1826209242736816e-11,6.165513982001703e-25,-66002.8642713888,-1650071.60678472
478,1.0369608636003646e-43,-35389.23828125,-1.1920247544594531e-07,9.107931631887605e-25,-65933.89522438796,-1648347.380609699
479,1.0369608636003646e-43,-35389.0,-1.1920247544594531e-07,1.4156641425302081e-24,-65865.21308597909,-1646630.3271494773
480,1.0369608636003646e-43,-35389.0,-2.1826209242736816e-11,2.186709018637256e-24,-65796.81652818731,-1644920.4132046828
481,-1.0369608636003646e-43,-131072.9375,-2.1826209242736816e-11,3.196450977320151e-24,-65913.62899171193,-1647840.7247927983
482,1.0369608636003646e-43,-35389.0,-3.5525106026513967e-15,5.103663421793982e-24,-65845.41540950991,-1646135.3852377476
483,1.0369608636003646e-43,-35389.0,-2.1826209242736816e-11,7.628849777895322e-24,-65777.48370161449,-1644437.0925403624
484,-1.0369608636003646e-43,-35389.234375,-3.5525106026513967e-15,1.1667817612626903e-23,-65709.83257464033,-1642745.8143660084
485,-1.0369608636003646e-43,-35389.234375,-2.1826209242736816e-11,1.8178681093868524e-23,-65642.45984736564,-1641061.496184141
486,-1.0369608636003646e-43,-35389.234375,-1.1920247544594531e-07,2.6256616763331685e-23,-65575.36380480255,-1639384.0951200638
487,1.0369608636003646e-43,-35389.0,-2.1826209242736816e-11,4.2199325263892806e-23,-65508.54229862084,-1637713.557465521
488,1.0369608636003646e-43,-131072.0,-0.000732366053853184,6.377083400224448e-23,-65624.27033200406,-1640606.7583001016
489,-1.0369608636003646e-43,-131072.9375,-2.1826209242736816e-11,9.608257668009713e-23,-65739.5277883613,-1643488.1947090325
490,-1.0369608636003646e-43,-131072.9375,-2.1826209242736816e-11,1.50909520309112e-22,-65854.31576424459,-1646357.8941061145
491,1.0369608636003646e-43,-35389.0,-3.5525106026513967e-15,2.193077745160595e-22,-65787.47054681346,-1644686.7636703367
492,1.0369608636003646e-43,-35389.0,-2.1826209242736816e-11,3.4855474522747006e-22,-65720.89650673501,-1643022.4126683753
493,1.0369608636003646e-43,-35389.0,-2.1826209242736816e-11,5.320869582506111e-22,-65654.59199718318,-1641364.7999295795
494,-1.0369608636003646e-43,-131072.9375,-2.1826209242736816e-11,7.9058089967343225e-22,-65768.6239809203,-1644215.5995230074
495,-1.0369608636003646e-43,-131072.9375,-1.1920247544594531e-07,1.2511167349382065e-21,-65882.19615827137,-1647054.9039567844
496,-1.0369608636003646e-43,-131072.953125,-2.1826209242736816e-11,1.842143341059097e-21,-65995.3113340142,-1649882.7833503552
497,1.0369608636003646e-43,-131072.0,-2.1826209242736816e-11,2.8761191067503814e-21,-66107.97044905236,-1652699.2612263088
498,1.0369608636003646e-43,-131072.0,-3.5525106026513967e-15,4.432057955866131e-21,-66220.17802455128,-1655504.450613782
499,-1.0369608636003646e-43,-131072.9375,-2.1826209242736816e-11,6.5000094872487e-21,-66331.93851639629,-1658298.462909907
500,-1.0369608636003646e-43,-35389.234375,-2.1826209242736816e-11,1.0359658459228135e-20,-66265.34120821813,-1656633.5302054533
501,1.0369608636003646e-43,-35389.0,-2.1826209242736816e-11,1.5438595887917742e-20,-66199.00879303868,-1654975.219825967
502,-1.0369608636003646e-43,-35389.234375,-6.504717243533378e-19,2.371040201344802e-20,-66132.94055909454,-1653323.5139773635
503,1.0369608636003646e-43,-131072.0,-6.504717243533378e-19,3.685936196581898e-20,-66243.98542033248,-1656099.6355083121
504,1.0369608636003646e-43,-131072.0,-2.1826209242736816e-11,5.3402974216879534e-20,-66354.59049994175,-1658864.7624985438
505,1.0369608636003646e-43,-131072.0,-3.5525106026513967e-15,8.568306431160495e-20,-66464.75840532331,-1661618.960133083
506,-1.0369608636003646e-43,-131072.9375,-3.5525106026513967e-15,1.2912036037890168e-19,-66574.49344583956,-1664362.3361459891
507,1.0369608636003646e-43,-131072.0,-3.5525106026513967e-15,1.952948093831439e-19,-66683.79473949542,-1667094.8684873856
508,-1.0369608636003646e-43,-35389.234375,-3.5525106026513967e-15,3.060980822776713e-19,-66617.55287776585,-1665438.8219441462
509,1.0369608636003646e-43,-35389.0,-6.504717243533378e-19,4.432130915781097e-19,-66551.57035994303,-1663789.2589985756
510,1.0369608636003646e-43,-131072.0,-6.504717243533378e-19,7.079108875950786e-19,-66660.27482229738,-1666506.8705574344
511,1.0369608636003646e-43,-131072.0,-1.1920247544594531e-07,1.0778556292356913e-18,-66768.55465784566,-1669213.8664461414
512,-1.0369608636003646e-43,-131072.9375,-3.5525106026513967e-15,1.607251221269629e-18,-66876.4140521716,-1671910.3513042901
513,1.0369608636003646e-43,-35389.0,-6.504717243533378e-19,2.5385701506303264e-18,-66810.44139601589,-1670261.034900397
514,-1.0369608636003646e-43,-35389.234375,-2.1826209242736816e-11,3.7252757174427895e-18,-66744.7253682938,-1668618.134207345
515,-1.0369608636003646e-43,-35389.234375,-2.1826209242736816e-11,5.84285808557854e-18,-66679.26405385746,-1666981.6013464364
516,1.0369608636003646e-43,-35389.0,-2.1826209242736816e-11,8.981987003521354e-18,-66614.05555237636,-1665351.388809409
517,-1.0369608636003646e-43,-131072.9375,-3.5525106026513967e-15,1.3217151739792856e-17,-66721.17209367885,-1668029.3023419713
518,-1.0369608636003646e-43,-131072.9375,-3.5525106026513967e-15,2.1026845144314258e-17,-66827.87585447534,-1670696.8963618833
519,1.0369608636003646e-43,-131072.0,-3.5525106026513967e-15,3.123877361808561e-17,-66934.16753672253,-1673354.188418063
520,-1.0369608636003646e-43,-35389.234375,-6.504717243533378e-19,4.8179432563171616e-17,-66868.9708372646,-1671724.2709316148
521,-1.0369608636003646e-43,-35389.234375,-1.1920247544594531e-07,7.472903178525742e-17,-66804.02393359003,-1670100.5983397507
522,1.0369608636003646e-43,-35389.23828125,-2.1826209242736816e-11,1.0861034967542943e-16,-66739.32539979347,-1668483.1349948368
523,1.0369608636003646e-43,-35389.0,-6.504717243533378e-19,1.7396103266868724e-16,-66674.87338335901,-1666871.8345839751
524,1.0369608636003646e-43,-131072.0,-3.5525106026513967e-15,2.614027319730312e-16,-66780.44419714883,-1669511.1049287207
525,1.0369608636003646e-43,-35389.0,-1.1920247544594531e-07,3.9692800353371928e-16,-66716.15907279708,-1667903.9768199269
526,-1.0369608636003646e-43,-35389.234375,-3.5525106026513967e-15,6.20817340338752e-16,-66652.118329052,-1666302.9582263
527,1.0369608636003646e-43,-35389.0,-6.504717243533378e-19,8.95557347220131e-16,-66588.31975037602,-1664707.9937594002
528,1.0369608636003646e-43,-35389.0,-1.1920247544594531e-07,1.4376584334628833e-15,-66524.76237615627,-1663119.0594039068
529,1.0369608636003646e-43,-35389.23828125,-2.1826209242736816e-11,2.1831622000110205e-15,-66461.44525989558,-1661536.1314973896
530,-1.0369608636003646e-43,-35389.234375,-2.1826209242736816e-11,3.267364372496525e-15,-66398.36661932919,-1659959.1654832298
531,1.0369608636003646e-43,-35389.23828125,-3.5525106026513967e-15,5.150419411163558e-15,-66335.52512334923,-1658388.1280837308
532,-1.0369608636003646e-43,-35389.234375,-3.5525106026513967e-15,7.532220154668132e-15,-66272.91942352895,-1656822.9855882237
533,1.0369608636003646e-43,-35389.0,-3.5525106026513967e-15,1.186902884461015e-14,-66210.54779312559,-1655263.6948281396
534,1.0369608636003646e-43,-35389.0,-3.5525106026513967e-15,1.820082035390233e-14,-66148.4093276957,-1653710.2331923924
535,-1.0369608636003646e-43,-35389.234375,-6.504717243533378e-19,2.6874437733786366e-14,-66086.50312954541,-1652162.578238635
536,1.0369608636003646e-43,-35389.0,-6.504717243533378e-19,4.2674400796936796e-14,-66024.82708794129,-1650620.677198532
537,1.0369608636003646e-43,-131072.0,-3.5525106026513967e-15,6.319985225260172e-14,-66129.05519860127,-1653226.3799650318
538,1.0369608636003646e-43,-131072.953125,-1.0587306626592269e-22,9.789432177213786e-14,-66232.89821029674,-1655822.4552574186
539,1.0369608636003646e-43,-35389.0,-2.1826209242736816e-11,1.5149074486173197e-13,-66171.2937113668,-1654282.3427841698
540,1.0369608636003646e-43,-35389.23828125,-6.504717243533378e-19,2.2087968390080426e-13,-66109.91736579679,-1652747.9341449197
541,1.0369608636003646e-43,-35389.0,-6.504717243533378e-19,3.53163570436521e-13,-66048.76709166827,-1651219.1772917067
542,1.0369608636003646e-43,-35389.0,-6.504717243533378e-19,5.291355461428671e-13,-65987.84204875199,-1649696.0512187998
543,-1.0369608636003646e-43,-35389.234375,-6.504717243533378e-19,8.066913022991562e-13,-65927.14139630785,-1648178.5349076963
544,1.0369608636003646e-43,-131072.0,-1.0587306626592269e-22,1.2589994151379624e-12,-66030.2100370908,-1650755.25092727
545,1.0369608636003646e-43,-131072.953125,-6.504717243533378e-19,1.8141109274505407e-12,-66132.90276321785,-1653322.5690804461
546,-1.0369608636003646e-43,-131072.9375,-3.5525106026513967e-15,2.9194554759803815e-12,-66235.21998658868,-1655880.4996647171
547,1.0369608636003646e-43,-131072.0,-3.5525106026513967e-15,4.421378194119363e-12,-66337.16219577924,-1658429.0548944809
548,1.0369608636003646e-43,-131072.953125,-6.504717243533378e-19,6.641824243369676e-12,-66438.73464806828,-1660968.366201707
549,-1.0369608636003646e-43,-131072.9375,-6.504717243533378e-19,1.0448582971056553e-11,-66539.93771952098,-1663498.4429880246
550,1.0369608636003646e-43,-35389.0,-6.504717243533378e-19,1.5227034910747506e-11,-66479.00583398307,-1661975.145849577
551,1.0369608636003646e-43,-35389.23828125,-6.504717243533378e-19,2.4108819107748758e-11,-66418.2951182657,-1660457.3779566423
552,1.0369608636003646e-43,-35389.0,-3.5525106026513967e-15,3.687737615276632e-11,-66357.80356974827,-1658945.0892437065
553,1.0369608636003646e-43,-131072.0,-6.504717243533378e-19,5.464094454676882e-11,-66458.42044168558,-1661460.5110421395
554,1.0369608636003646e-43,-131072.0,-3.5525106026513967e-15,8.660136496807525e-11,-66558.67473030058,-1663966.8682575144
555,-1.0369608636003646e-43,-131072.9375,-6.504717243533378e-19,1.278416816852257e-10,-66658.56996270482,-1666464.2490676204
556,1.0369608636003646e-43,-35389.0,-3.5525106026513967e-15,1.988959552612357e-10,-66598.08145072174,-1664952.0362680438
557,-1.0369608636003646e-43,-35389.234375,-3.5525106026513967e-15,3.0706981402062183e-10,-66537.81013471533,-1663445.2533678832
558,2.0000176429748535,-35389.23828125,-6.504717243533378e-19,4.4917836117264187e-10,-66477.75446498953,-1661943.8616247382
559,1.0369608636003646e-43,-35389.0,-6.504717243533378e-19,7.169125293415846e-10,-66417.9128834237,-1660447.8220855927
560,1.0369608636003646e-43,-35389.0,-6.504717243533378e-19,1.0709366726757708e-09,-66358.2846408296,-1658957.1160207402
561,1.0369608636003646e-43,-35389.23828125,-3.5525106026513967e-15,1.639370861283851e-09,-66298.86899335124,-1657471.724833781
562,1.0369608636003646e-43,-35389.0,-6.504717243533378e-19,2.552964950552905e-09,-66239.66401962972,-1655991.600490743
563,1.0369608636003646e-43,-131072.0,-3.5525106026513967e-15,3.6898333277690654e-09,-66338.70637176337,-1658467.6592940844
564,1.0369608636003646e-43,-131072.0,-1.0587306626592269e-22,5.928113111508537e-09,-66437.3981315001,-1660934.9532875025
565,1.0369608636003646e-43,-35389.0,-6.504717243533378e-19,8.953119134957888e-09,-66378.26221393232,-1659456.555348308
566,1.0369608636003646e-43,-35389.0,-3.5525106026513967e-15,1.3500592643822529e-08,-66319.33488866636,-1657983.3722166591
567,1.0369608636003646e-43,-35389.23828125,-6.504717243533378e-19,2.1194971111526684e-08,-66260.61544477432,-1656515.386119358
568,1.0369608636003646e-43,-131072.0,-6.504717243533378e-19,3.077751387081662e-08,-66358.75065598388,-1658968.7663995968
569,-1.0369608636003646e-43,-131072.9375,-6.504717243533378e-19,4.8967407906275184e-08,-66456.54306526647,-1661413.5766316617
570,1.0369608636003646e-43,-131072.0,-3.5525106026513967e-15,7.470995910807687e-08,-66553.99141475464,-1663849.7853688658
571,-1.0369608636003646e-43,-131072.9375,-1.0587306626592269e-22,1.11089747178994e-07,-66651.1005625384,-1666277.5140634598
572,1.0369608636003646e-43,-131072.0,-6.504717243533378e-19,1.7572978094904101e-07,-66747.8692362914,-1668696.730907285
573,1.0369608636003646e-43,-131072.0,-2.1826209242736816e-11,2.5856013508018805e-07,-66844.30073696513,-1671107.5184241284
574,1.0369608636003646e-43,-131072.0,-6.504717243533378e-19,4.0407928736385657e-07,-66940.39682372348,-1673509.9205930869
575,1.0369608636003646e-43,-35389.23828125,-3.5525106026513967e-15,6.223597210919252e-07,-66881.41469513714,-1672035.3673784283
576,1.0369608636003646e-43,-35389.0,-3.5525106026513967e-15,9.133980256592622e-07,-66822.63662597422,-1670565.9156493554
577,1.0369608636003646e-43,-35389.0,-6.504717243533378e-19,1.4551983440469485e-06,-66764.06194113367,-1669101.5485283418
578,1.0369608636003646e-43,-35389.0,-6.504717243533378e-19,2.167201273550745e-06,-66705.6895868107,-1667642.2396702673
579,1.0369608636003646e-43,-131072.0,-6.504717243533378e-19,3.3313544918200932e-06,-66801.19624376966,-1670029.9060942417
580,1.0369608636003646e-43,-131072.0,-3.5525106026513967e-15,5.176318154553883e-06,-66896.3741342675,-1672409.3533566876
581,1.0369608636003646e-43,-131072.0,-3.5525106026513967e-15,7.504624591092579e-06,-66991.22495297669,-1674780.6238244171
582,1.0369608636003646e-43,-35389.0,-3.5525106026513967e-15,1.203646752401255e-05,-66932.86345012103,-1673321.5862530258
583,1.0369608636003646e-43,-35389.0,-6.504717243533378e-19,1.8127371731679887e-05,-66874.70181542585,-1671867.5453856462
584,1.0369608636003646e-43,-35389.0,-6.504717243533378e-19,2.7440597477834672e-05,-66816.7390239262,-1670418.475598155
585,1.0369608636003646e-43,-35389.23828125,-3.5525106026513967e-15,4.2990068322978914e-05,-66758.97443644167,-1668974.3609110417
586,-1.0369608636003646e-43,-35389.234375,-2.1826209242736816e-11,6.219788338057697e-05,-66701.40665566262,-1667535.1663915655
587,1.0369608636003646e-43,-131072.0,-3.5525106026513967e-15,9.945078636519611e-05,-66795.62118621934,-1669890.5296554836
588,-1.0369608636003646e-43,-131072.9375,-0.000732366053853184,0.0001513370661996305,-66889.51728598308,-1672237.932149577
589,-1.0369608636003646e-43,-131072.9375,-1.1920247544594531e-07,0.00022584287216886878,-66983.09509388321,-1674577.3773470803
590,1.0369608636003646e-43,-131072.0,-2.1826209242736816e-11,0.0003565567312762141,-67076.35474790882,-1676908.8686977203
591,1.0369608636003646e-43,-131072.0,-0.000732366053853184,0.0005228554364293814,-67169.29933553567,-1679232.4833883918
592,-1.0369608636003646e-43,-131072.9375,-0.000732366053853184,0.0008208786603063345,-67261.93192341346,-1681548.2980853363
593,-1.0369608636003646e-43,-131072.9375,-0.000732366053853184,0.0012612412683665752,-67354.25261705596,-1683856.3154263988
594,-1.0369608636003646e-43,-35389.234375,-0.000732366053853184,0.0018572877161204815,-67296.45838932837,-1682411.4597332093
595,1.0369608636003646e-43,-35389.0,-0.000732366053853184,0.0029535433277487755,-67238.85773563509,-1680971.443390877
596,1.0369608636003646e-43,-35389.0,-0.000732366053853184,0.004385022446513176,-67181.45004895586,-1679536.2512238964
597,1.0369608636003646e-43,-35389.0,-3.9997713565826416,0.006769208237528801,-67124.23436122872,-1678105.859030718
598,-1.0369608636003646e-43,-131072.9375,-0.000732366053853184,0.010494288057088852,-67216.01431045381,-1680400.3577613453
599,1.0369608636003646e-43,-35389.0,-0.000732366053853184,0.015262659639120102,-67158.93173458328,-1678973.2933645821
600,1.0369608636003646e-43,-35389.0,-0.000732366053853184,0.024437062442302704,-67102.03911736788,-1677550.9779341968
601,1.0369608636003646e-43,-35389.0,-0.000732366053853184,0.03669761121273041,-67045.33551216983,-1676133.3878042456
602,-1.0369608636003646e-43,-35389.234375,-0.000732366053853184,0.05577109754085541,-66988.82034070542,-1674720.5085176355
603,1.0369608636003646e-43,-35389.0,-0.000732366053853184,0.08718916773796082,-66932.4919440952,-1673312.2986023803
604,1.0369608636003646e-43,-35389.0,-1.1920247544594531e-07,0.12567228078842163,-66876.34975706055,-1671908.7439265137
605,1.0369608636003646e-43,-131072.0,-1.1920247544594531e-07,0.20196622610092163,-66967.4771512288,-1674186.9287807199
606,-1.0369608636003646e-43,-35389.234375,-0.000732366053853184,0.30652034282684326,-66911.46267012157,-1672786.5667530394
607,-1.0369608636003646e-43,-35389.234375,-1.1920247544594531e-07,0.45910823345184326,-66855.63244717587,-1671390.8111793967
608,1.0369608636003646e-43,-35389.23828125,-3.5525106026513967e-15,0.7233922481536865,-66799.98558069117,-1669999.639517279
609,1.0369608636003646e-43,-35389.0,-6.504717243533378e-19,1.057136058807373,-66744.52079906402,-1668613.0199766005
610,2.0000176429748535,-35389.23828125,-1.1920247544594531e-07,1.667487621307373,-66689.23793483968,-1667230.948370992
611,1.0369608636003646e-43,-131072.953125,-3.5525106026513967e-15,2.555678367614746,-66779.77911223775,-1669494.477805944
612,-1.0369608636003646e-43,-131072.9375,-3.5525106026513967e-15,3.776381492614746,-66870.02486237613,-1671750.6215594034
613,1.0369608636003646e-43,-131072.0,-2.1826209242736816e-11,5.994169235229492,-66959.97523006446,-1673999.3807516117
614,-1.0369608636003646e-43,-131072.9375,-6.504717243533378e-19,8.871150970458984,-67049.63449627096,-1676240.862406774
615,1.0369608636003646e-43,-35389.0,-3.5525106026513967e-15,13.753963470458984,-66994.30468180969,-1674857.6170452423
616,1.0369608636003646e-43,-35389.0,-3.5525106026513967e-15,21.27355194091797,-66939.15421844879,-1673478.8554612198
617,1.0369608636003646e-43,-35389.0,-3.5525106026513967e-15,31.03917694091797,-66884.18223555184,-1672104.5558887958
618,-1.0369608636003646e-43,-131072.9375,-2.1826209242736816e-11,49.60960388183594,-66973.38456464959,-1674334.6141162396
619,1.0369608636003646e-43,-131072.0,-3.5525106026513967e-15,74.28170776367188,-67062.29773571146,-1676557.4433927864
620,-1.0369608636003646e-43,-131072.9375,-2.1826209242736816e-11,113.34420776367188,-67150.92595827402,-1678773.1489568504
621,1.0369608636003646e-43,-131072.0,-2.1826209242736816e-11,176.81341552734375,-67239.26779857103,-1680981.694964276
622,5.534055767657048e+19,-131073.015625,-3.5525106026513967e-15,254.93841552734375,-67327.32755607583,-1683183.188901896
623,-1.109344346625244e-31,-131073.03125,-1.1920247544594531e-07,410.1268310546875,-67415.10509409408,-1685377.627352352
624,1.563204047542316e-13,-131073.03125,-2.1826209242736816e-11,620.753662109375,-67502.60174399067,-1687565.0435997667
625,1.3600522115903754e+24,-35389.2578125,-6.504717243533378e-19,933.253662109375,-67447.43258617638,-1686185.8146544097
626,-4.702018881723694e-38,-35389.2578125,-3.5525106026513967e-15,1467.50732421875,-67392.43940653693,-1684810.985163423
627,-4.622259049836229e-33,-35389.2578125,-2.1826209242736816e-11,2137.0146484375,-67337.62136441225,-1683440.534110306
628,-1.5146218454503355e-28,-35389.2578125,-6.504717243533378e-19,3387.0146484375,-67282.97762448828,-1682074.4406122072
629,-2.1204723651156682e-27,-131073.03125,-3.5525106026513967e-15,5178.029296875,-67369.9895826708,-1684249.73956677
630,-1.918523973379089e-27,-131073.03125,-3.5525106026513967e-15,7678.029296875,-67456.72575017759,-1686418.14375444
631,-2.1457194770531377e-28,-131073.03125,-6.504717243533378e-19,12164.05859375,-67543.18743614166,-1688579.6859035413
632,-6.779316897534051e-32,-131073.03125,-1.0587306626592269e-22,17944.1171875,-67629.37594142336,-1690734.398535584
633,-1.787271687049551e-31,-131073.03125,-3.5525106026513967e-15,27944.1171875,-67715.29255867579,-1692882.3139668948
634,-1.5046412638359226e-34,-131073.03125,-6.504717243533378e-19,43120.234375,-67800.93857240932,-1695023.4643102328
635,-1.0833440885012148e-34,-131073.03125,-3.5525106026513967e-15,63120.234375,-67886.31525905563,-1697157.8814763906
636,-3.761608468829428e-36,-131073.03125,-2.1826209242736816e-11,100704.46875,-67971.42388703115,-1699285.5971757788
637,2.552132760890145e+38,-35389.2578125,-3.5525106026513967e-15,150336.9375,-67916.55756268195,-1697913.9390670487
638,4.253567108969498e+37,-35389.2578125,-3.5525106026513967e-15,230336.9375,-67861.86296391756,-1696546.574097939
639,3.987707438890852e+36,-35389.2578125,-3.5525106026513967e-15,358529.875,-67807.33928577432,-1695183.4821443579
640,5.679103316385876e+32,-35389.2578125,-6.504717243533378e-19,518529.875,-67752.9857283117,-1693824.6432077927
641,1.3500045118240878e+35,-35389.2578125,-6.504717243533378e-19,832771.75,-67698.80149657327,-1692470.0374143317
642,3.569726992133421e+33,-131073.03125,-6.504717243533378e-19,1256967.5,-67783.40757710654,-1694585.1894276633
643,5.545999332408082e+29,-131073.03125,-6.504717243533378e-19,1896967.5,-67867.75090583692,-1696693.772645923
644,2.218399732963233e+30,-131073.03125,-3.5525106026513967e-15,2976783.0,-67951.8327048658,-1698795.8176216448
645,1.3926934646685444e+27,-131073.03125,-3.5525106026513967e-15,4319262.0,-68035.6541887274,-1700891.354718185
646,2.3211512242507026e+26,-131073.03125,-6.504717243533378e-19,6879262.0,-68119.21656444724,-1702980.4141111812
647,4.951803839031488e+27,-131073.03125,-6.504717243533378e-19,10489916.0,-68202.52103160004,-1705063.025790001
648,8.462523395398075e+24,-131073.03125,-2.1826209242736816e-11,15609916.0,-68285.56878236716,-1707139.2195591792
649,2.361204070583099e+21,-35389.2578125,-6.504717243533378e-19,24682616.0,-68231.2320749362,-1705780.801873405
650,1.2089343512337633e+25,-35389.2578125,-1.0587306626592269e-22,36290800.0,-68177.06230055419,-1704426.5575138547
651,4.250163161219923e+22,-35389.2578125,-3.5525106026513967e-15,56770800.0,-68123.05869112426,-1703076.4672781066
652,2.2667465763013473e+24,-35389.2578125,-1.0587306626592269e-22,87392736.0,-68069.2204832546,-1701730.5120813649
653,4.155709166235082e+23,-35389.2578125,-1.0587306626592269e-22,128352736.0,-68015.54691822248,-1700388.6729555621
654,3.022335878084408e+24,-131073.03125,-3.5525106026513967e-15,204407744.0,-68098.11938289613,-1702452.9845724031
655,9.066996969729307e+23,-131073.03125,-2.1826209242736816e-11,304220032.0,-68180.44010225065,-1704511.0025562663
656,7.494030461874733e+18,-131073.03125,-3.5525106026513967e-15,468060032.0,-68262.51022580804,-1706562.755645201
657,2.2667492424323267e+23,-131073.03125,-1.0587306626592269e-22,726929152.0,-68344.33089610236,-1708608.272402559
658,9.592358991199658e+20,-131073.03125,-6.504717243533378e-19,1054609152.0,-68425.90324873265,-1710647.5812183162
659,7.85806048559076e+24,-131073.03125,-3.5525106026513967e-15,1690836480.0,-68507.22841241557,-1712680.7103103893
660,9.444816282332397e+21,-131073.03125,-2.1826209242736816e-11,2544909312.0,-68588.30750903743,-1714707.6877259358
661,7.205810256205578e+17,-35389.2578125,-3.5525106026513967e-15,3855629312.0,-68534.49844777338,-1713362.4611943346
662,1.888959923802755e+23,-35389.2578125,-2.1826209242736816e-11,6037731328.0,-68480.85170645283,-1712021.292661321
663,2.9976121847498932e+19,-35389.2578125,-1.1920247544594531e-07,8728408064.0,-68427.36655170251,-1710684.1637925627
664,1.729390393296316e+19,-35389.2578125,-2.1826209242736816e-11,13971288064.0,-68374.04225456045,-1709351.0563640113
665,6.91756970957131e+18,-35389.2578125,-2.1826209242736816e-11,21248466944.0,-68320.87809044286,-1708021.9522610714
666,4.0352456070890783e+18,-35389.2578125,-0.000732366053853184,31734226944.0,-68267.87333911122,-1706696.8334777805
667,1.2682217914535772e+19,-35389.2578125,-1.1920247544594531e-07,50080235520.0,-68215.02728463986,-1705375.6821159963
668,1.475752544114437e+20,-131073.03125,-2.1826209242736816e-11,73384034304.0,-68295.57359853346,-1707389.3399633367
669,1.1529296409928925e+19,-131073.03125,-1.1920247544594531e-07,115327074304.0,-68375.87947566918,-1709396.9868917295
670,1.9815965491462144e+17,-131073.03125,-2.1826209242736816e-11,177101275136.0,-68455.94599102506,-1711398.6497756264
671,5.044057008861348e+17,-131073.03125,-3.5525106026513967e-15,260987355136.0,-68535.77421318048,-1713394.3553295122
672,3.2426171579131494e+17,-131073.03125,-1.1920247544594531e-07,414868963328.0,-68615.36520436367,-1715384.1301090918
673,2.161737991620395e+18,-35389.2578125,-1.1920247544594531e-07,615526432768.0,-68562.47402298069,-1714061.8505745174
674,6.91756970957131e+18,-35389.2578125,-1.1920247544594531e-07,951070752768.0,-68509.73955620923,-1712743.4889052305
675,2.767027883828524e+19,-35389.2578125,-1.1920247544594531e-07,1473718517760.0,-68457.16110857022,-1711429.0277142555
676,9.223453400715231e+18,-35389.2578125,-0.000732366053853184,2144807157760.0,-68404.73798869381,-1710118.4497173454
677,5.764648204964463e+18,-35389.2578125,-2.1826209242736816e-11,3432768339968.0,-68352.469509289,-1708811.737732225
678,1.6888578059534336e+16,-35389.2578125,-1.1920247544594531e-07,5151844728832.0,-68300.35498711368,-1707508.874677842
679,1.383513941914262e+19,-35389.2578125,-1.1920247544594531e-07,7836199288832.0,-68248.39374294475,-1706209.843573619
680,8.646962136964137e+17,-131073.03125,-2.1826209242736816e-11,12245014675456.0,-68327.47174226416,-1708186.7935566038
681,3.602911484654387e+16,-131073.03125,-3.5525106026513967e-15,17635261546496.0,-68406.31784129232,-1710157.9460323078
682,64424812544.0,-131073.03125,-3.5525106026513967e-15,28372679786496.0,-68484.93305862493,-1712123.3264656232
683,3.7057878244637996e-22,-131073.03125,-6.504717243533378e-19,43035823964160.0,-68563.318406901,-1714082.960172525
684,-7.788491091583695e+33,-131073.015625,-3.5525106026513967e-15,64510660444160.0,-68641.47487159759,-1716036.8717899397
685,-1.441164593861755e+17,-35389.25390625,-6.504717243533378e-19,101602249670656.0,-68589.47083434073,-1714736.770858518
686,-112.00056457519531,-35389.25390625,-6.504717243533378e-19,148366356905984.0,-68537.61819166104,-1713440.454791526
687,-2.8421960152156395e-14,-35389.25390625,-1.0587306626592269e-22,234265702825984.0,-68485.91628340773,-1712147.9070851933
688,-7.068229340484237e-28,-35389.25390625,-3.5525106026513967e-15,358855120781312.0,-68434.36445326258,-1710859.1113315644
689,1.5950829755563407e+37,-35389.25390625,-6.504717243533378e-19,530653812621312.0,-68382.96204871204,-1709574.0512178012
690,2.8334365530404084e+22,-35389.25390625,-6.504717243533378e-19,841955055501312.0,-68331.70842101982,-1708292.7105254955
691,3145746.5,-131073.015625,-3.5525106026513967e-15,1245204971520000.0,-68409.40898215139,-1710235.2245537848
692,2.861039774870733e-06,-35389.25390625,-6.504717243533378e-19,1932399738880000.0,-68358.2651096135,-1708956.6277403373
693,8.326721653780937e-17,-35389.25390625,-6.504717243533378e-19,2987389198794752.0,-68307.26862575726,-1707681.7156439314
694,2.4233949527205367e-27,-35389.25390625,-6.504717243533378e-19,4361778733514752.0,-68256.41889437257,-1706410.4723593143
695,-2.658479443105936e+36,-35389.25,-6.504717243533378e-19,6968736909099008.0,-68205.71527767742,-1705142.8819419355
696,-134218912.0,-131073.0,-2.1826209242736816e-11,1.0427832702337024e+16,-68283.03919000307,-1707075.9797500765
697,-3.388161677379178e-21,-35389.25,-6.504717243533378e-19,1.5925390841217024e+16,-68232.44271791789,-1705811.0679479474
698,5.76465837544702e+17,-35389.25,-6.504717243533378e-19,2.4831499450712064e+16,-68181.99101399317,-1704549.7753498293
699,3.761615105378955e-37,-35389.25,-2.1826209242736816e-11,3.5826615728472064e+16,-68131.68345779396,-1703292.086444849
700,1.504646042151582e-36,-35389.24609375,-2.1826209242736816e-11,5.761466699350016e+16,-68081.51942723461,-1702037.9856808654
701,1.0369608636003646e-43,-35389.0,-2.1826209242736816e-11,8.715220506011238e+16,-68031.49798757776,-1700787.4496894442
702,1.0369608636003646e-43,-35389.0,-2.1826209242736816e-11,1.3113267017115238e+17,-67981.61885642636,-1699540.471410659
703,1.0369608636003646e-43,-35389.0,-2.1826209242736816e-11,2.061110824885289e+17,-67931.88142735207,-1698297.0356838019
704,1.0369608636003646e-43,-131072.0,-3.5525106026513967e-15,2.9991364926950605e+17,-68008.71500067925,-1700217.8750169813
705,1.0369608636003646e-43,-131072.0,-2.1826209242736816e-11,4.7583550971366605e+17,-68085.33091515848,-1702133.272878962
706,1.0369608636003646e-43,-35389.0,-1.1920247544594531e-07,7.270539880122286e+17,-68035.65784284302,-1700891.4460710755
707,-1.084211736761337e-19,-35389.2421875,-2.1826209242736816e-11,1.0788977089005486e+18,-67986.12540859726,-1699653.1352149316
708,3.0517847335431725e-05,-35389.24609375,-2.1826209242736816e-11,1.7085613549708902e+18,-67936.73270426312,-1698418.317606578
709,131073.15625,-35389.24609375,-3.5525106026513967e-15,2.5186545842813665e+18,-67887.47913430739,-1697186.9783576846
710,512.0045166015625,-131072.984375,-2.1826209242736816e-11,3.9260294678346465e+18,-67963.72806325107,-1699093.2015812767
711,2.52437716527222e-29,-35389.24609375,-2.1826209242736816e-11,6.055122684348465e+18,-67914.57493118988,-1697864.373279747
712,-7.105490038039099e-15,-35389.2421875,-1.1920247544594531e-07,8.869872451455025e+18,-67865.55967097341,-1696638.9917743353
713,-1.0369608636003646e-43,-35389.23828125,-3.5525106026513967e-15,1.4145872400268394e+19,-67816.68170330816,-1695417.042582704
714,1.0369608636003646e-43,-35389.0,-2.1826209242736816e-11,2.1103999795253477e+19,-67767.94014678344,-1694198.503669586
715,1.0369608636003646e-43,-131072.0,-2.1826209242736816e-11,3.2362998863679717e+19,-67843.82228432008,-1696095.557108002
716,1.0369608636003646e-43,-35389.0,-3.5525106026513967e-15,5.035050771679281e+19,-67795.1788345346,-1694879.470863365
717,1.0369608636003646e-43,-35389.0,-2.1826209242736816e-11,7.286850585364529e+19,-67746.67088182374,-1693666.7720455935
718,1.0369608636003646e-43,-35389.0,-2.1826209242736816e-11,1.1698603168615734e+20,-67698.29786083111,-1692457.4465207777
719,-1.0369608636003646e-43,-35389.234375,-0.000732366053853184,1.7647010333004818e+20,-67650.05951257877,-1691251.487814469
720,-3.6893813602860925e+19,-35389.23828125,-2.1826209242736816e-11,2.665420958774581e+20,-67601.95497893856,-1690048.8744734642
721,2.52437716527222e-29,-35389.2421875,-2.1826209242736816e-11,4.180802716703832e+20,-67553.9837038941,-1688849.5925973526
722,4.656653951329304e-10,-131072.96875,-2.1826209242736816e-11,6.061527031717005e+20,-67629.42833647219,-1690735.7084118049
723,1.0369608636003646e-43,-35389.2421875,-2.1826209242736816e-11,9.664406733613401e+20,-67581.55163213568,-1689538.7908033922
724,-3.6893813602860925e+19,-35389.23828125,-3.5525106026513967e-15,1.4728656663845483e+21,-67533.80699644721,-1688345.1749111803
725,2.0000176429748535,-35389.23828125,-1.1920247544594531e-07,2.1934416067638277e+21,-67486.19388868073,-1687154.8472170185
726,1.0369608636003646e-43,-35389.0,-2.1826209242736816e-11,3.4668518528513915e+21,-67438.71146075701,-1685967.7865189253
727,1.0369608636003646e-43,-131072.0,-1.1920247544594531e-07,5.093640984350255e+21,-67513.79503103484,-1687844.875775871
728,1.0369608636003646e-43,-35389.0,-3.5525106026513967e-15,7.975944745867373e+21,-67466.40500875376,-1686660.125218844
729,1.0369608636003646e-43,-35389.0,-1.1920247544594531e-07,1.227176404902969e+22,-67419.14482215018,-1685478.6205537543
730,1.0369608636003646e-43,-35389.0,-2.1826209242736816e-11,1.8036371572063925e+22,-67372.0139383827,-1684300.3484595676
731,1.0369608636003646e-43,-35389.0,-2.1826209242736816e-11,2.871249225871774e+22,-67325.01182752171,-1683125.2956880429
732,1.0369608636003646e-43,-131072.0,-1.1920247544594531e-07,4.2704482746615254e+22,-67399.73834702442,-1684993.4586756106
733,1.0369608636003646e-43,-131072.0,-3.5525106026513967e-15,6.576291283875219e+22,-67474.2612520326,-1686856.5313008148
734,-1.084211736761337e-19,-35389.23828125,-1.1920247544594531e-07,1.0208482213586394e+23,-67427.31217653048,-1685682.804413262
735,-1.0369608636003646e-43,-35389.234375,-2.1826209242736816e-11,1.4820168232013782e+23,-67380.49067509382,-1684512.2668773455
736,-1.0369608636003646e-43,-35389.234375,-3.5525106026513967e-15,2.3752135755699476e+23,-67333.79623336253,-1683344.9058340634
737,-1.0369608636003646e-43,-131072.953125,-2.1826209242736816e-11,3.572787009474277e+23,-67408.00577573258,-1685200.1443933146
738,1.0369608636003646e-43,-131072.0,-3.5525106026513967e-15,5.4174614168452325e+23,-67482.01327890888,-1687050.331972722
739,1.0369608636003646e-43,-35389.0,-3.5525106026513967e-15,8.47964255035923e+23,-67435.37065121865,-1685884.2662804662
740,-1.0369608636003646e-43,-35389.234375,-1.0587306626592269e-22,1.2248724534055988e+24,-67388.85420920505,-1684721.355230126
741,1.0369608636003646e-43,-35389.0,-3.5525106026513967e-15,1.9627422163539808e+24,-67342.46285419012,-1683561.5713547529
742,1.0369608636003646e-43,-131072.0,-6.504717243533378e-19,2.9833723193754675e+24,-67416.16014593821,-1685404.0036484553
743,1.0369608636003646e-43,-131072.953125,-3.5525106026513967e-15,4.4591118452722316e+24,-67489.66052007332,-1687241.513001833
744,-1.0369608636003646e-43,-131072.9375,-1.0587306626592269e-22,7.033999463879475e+24,-67562.96355823035,-1689074.0889557588
745,2.0000176429748535,-131072.953125,-6.504717243533378e-19,1.0299550474428973e+25,-67636.07009300814,-1690901.7523252035
746,1.0369608636003646e-43,-35389.0,-3.5525106026513967e-15,1.620250857801603e+25,-67589.65831080616,-1689741.457770154
747,1.0369608636003646e-43,-35389.0,-6.504717243533378e-19,2.4868120249372105e+25,-67543.37062427851,-1688584.2656069628
748,-1.0369608636003646e-43,-35389.234375,-1.0587306626592269e-22,3.6674036456546218e+25,-67497.20682787646,-1687430.1706969116
749,2.0000176429748535,-131072.953125,-3.5525106026513967e-15,5.827427909977253e+25,-67570.01113677591,-1689250.2784193978
750,1.0369608636003646e-43,-131072.0,-3.5525106026513967e-15,8.640097057290524e+25,-67642.6203771038,-1691065.509427595
751,1.0369608636003646e-43,-35389.23828125,-6.504717243533378e-19,1.336246354016017e+26,-67596.50876856774,-1689912.7192141938
752,-1.0369608636003646e-43,-35389.234375,-6.504717243533378e-19,2.0695409554992375e+26,-67550.51962959107,-1688762.9907397768
753,1.0369608636003646e-43,-35389.23828125,-6.504717243533378e-19,3.0140142520731666e+26,-67504.65248254652,-1687616.3120636628
754,-1.0369608636003646e-43,-131072.9375,-3.5525106026513967e-15,4.8221249990807406e+26,-67576.96476263196,-1689424.119065799
755,1.0369608636003646e-43,-131072.0,-6.504717243533378e-19,7.232442988030296e+26,-67649.0845851986,-1691227.114629965
756,1.0369608636003646e-43,-131072.0,-3.5525106026513967e-15,1.1010336174326012e+27,-67721.0138666224,-1693025.34666556
757,2.0000176429748535,-131072.953125,-3.5525106026513967e-15,1.7197058328389654e+27,-67792.75453236888,-1694818.863309222
758,1.0369608636003646e-43,-35389.0,-3.5525106026513967e-15,2.4752844700981086e+27,-67746.87009792325,-1693671.7524480815
759,-1.0369608636003646e-43,-35389.234375,-3.5525106026513967e-15,3.985846136143743e+27,-67701.10669926697,-1692527.667481674
760,1.0369608636003646e-43,-35389.0,-3.5525106026513967e-15,6.042246664182538e+27,-67655.4632854547,-1691386.5821363674
761,-1.0369608636003646e-43,-131072.9375,-6.504717243533378e-19,9.064561213219111e+27,-67726.9133650631,-1693172.8341265775
762,1.0369608636003646e-43,-131072.953125,-6.504717243533378e-19,1.4270231210228326e+28,-67798.17617651448,-1694954.404412862
763,1.0369608636003646e-43,-131072.953125,-6.504717243533378e-19,2.082267998803686e+28,-67869.2524361034,-1696731.310902585
764,1.0369608636003646e-43,-131072.0,-6.504717243533378e-19,3.291193818418315e+28,-67940.1417147791,-1698503.5428694778
765,-1.0369608636003646e-43,-131072.9375,-6.504717243533378e-19,5.038831150352672e+28,-68010.84704406407,-1700271.1761016017
766,1.0369608636003646e-43,-35389.0,-6.504717243533378e-19,7.45668278958193e+28,-67965.1568507708,-1699128.92126927
767,1.0369608636003646e-43,-35389.0,-6.504717243533378e-19,1.1826252606195943e+29,-67919.58564235592,-1697989.6410588978
768,1.0369608636003646e-43,-35389.23828125,-3.5525106026513967e-15,1.747827926645605e+29,-67874.13324328652,-1696853.331082163
769,1.0369608636003646e-43,-35389.0,-3.5525106026513967e-15,2.7149685823373085e+29,-67828.79861412398,-1695719.9653530994
770,1.0369608636003646e-43,-131072.0,-1.0587306626592269e-22,4.19509197548745e+29,-67899.18869455055,-1697479.7173637638
771,1.0369608636003646e-43,-131072.0,-3.5525106026513967e-15,6.129373286870857e+29,-67969.39641725582,-1699234.9104313955
772,1.0369608636003646e-43,-131072.0,-3.5525106026513967e-15,9.78905619536738e+29,-68039.42248996702,-1700985.5622491755
773,1.0369608636003646e-43,-35389.0,-1.1920247544594531e-07,1.4638731633986093e+30,-67994.1085962954,-1699852.7149073847
774,1.0369608636003646e-43,-35389.0,-2.1826209242736816e-11,2.237585687951972e+30,-67948.91164170422,-1698722.7910426056
775,2.0000176429748535,-35389.23828125,-2.1826209242736816e-11,3.4872952245542105e+30,-67903.83146015304,-1697595.786503826
776,1.0369608636003646e-43,-35389.0,-1.1920247544594531e-07,5.034720273660936e+30,-67858.86702942972,-1696471.675735743
777,1.0369608636003646e-43,-35389.23828125,-1.1920247544594531e-07,8.093688244622405e+30,-67814.0184738109,-1695350.4618452722
778,1.0369608636003646e-43,-131072.0,-2.1826209242736816e-11,1.2235871883845876e+31,-67883.70465115263,-1697092.6162788158
